Page URL,Broken Link URL,HTTP Code,Discovered
https://theprofitplatform.com.au,https://theprofitplatform.com.au/cdn-cgi/l/email-protection,404,05 Oct 2025 (03:42 UTC)
https://theprofitplatform.com.au/,https://theprofitplatform.com.au/cdn-cgi/l/email-protection,404,05 Oct 2025 (03:42 UTC)
https://theprofitplatform.com.au/[SEO](/blog/website-speed-optimization-how-sydney-businesses-can-improve-core-web-vitals/),https://theprofitplatform.com.au/cdn-cgi/l/email-protection,404,08 Oct 2025 (02:27 UTC)
https://theprofitplatform.com.au/about/,https://theprofitplatform.com.au/cdn-cgi/l/email-protection,404,05 Oct 2025 (03:42 UTC)
https://theprofitplatform.com.au/blog/,https://theprofitplatform.com.au/cdn-cgi/l/email-protection,404,05 Oct 2025 (03:42 UTC)
https://theprofitplatform.com.au/blog/15-free-digital-marketing-tools-sydney-business/,https://theprofitplatform.com.au/cdn-cgi/l/email-protection,404,05 Oct 2025 (03:42 UTC)
https://theprofitplatform.com.au/blog/15-free-seo-tools-every-sydney-small-business-should-use-in-2025/,https://theprofitplatform.com.au/cdn-cgi/l/email-protection,404,11 Oct 2025 (00:11 UTC)
https://theprofitplatform.com.au/blog/2025-10-04-7-google-ads-mistakes-costing-[Sydney](/blog/2025-10-04-7-google-ads-mistakes-costing-sydney-businesses-thousands-every-month-TEST/)-businesses-thousands-every-month-TEST/,https://theprofitplatform.com.au/cdn-cgi/l/email-protection,404,08 Oct 2025 (02:27 UTC)
https://theprofitplatform.com.au/blog/2025-10-04-7-google-ads-mistakes-costing-sydney-businesses-thousands-every-month-TEST/,https://theprofitplatform.com.au/cdn-cgi/l/email-protection,404,08 Oct 2025 (02:27 UTC)
https://theprofitplatform.com.au/blog/2025-10-04-how-to-optimise-your-google-business-profile-for-[Sydney](/blog/2025-10-04-how-to-optimise-your-google-business-profile-for-sydney-local-search-in-2025/)-local-search-in-2025/,https://theprofitplatform.com.au/cdn-cgi/l/email-protection,404,08 Oct 2025 (02:27 UTC)
https://theprofitplatform.com.au/blog/2025-10-04-how-to-optimise-your-google-business-profile-for-sydney-local-search-in-2025/,https://theprofitplatform.com.au/cdn-cgi/l/email-protection,404,05 Oct 2025 (03:42 UTC)
https://theprofitplatform.com.au/blog/2025-10-05-local-seo-checklist-47-steps-to-dominate-sydney-suburb-search-results/,https://theprofitplatform.com.au/cdn-cgi/l/email-protection,404,08 Oct 2025 (02:27 UTC)
https://theprofitplatform.com.au/blog/7-google-ads-mistakes-costing-sydney-businesses-thousands-every-month/,https://theprofitplatform.com.au/cdn-cgi/l/email-protection,404,08 Oct 2025 (02:27 UTC)
"https://theprofitplatform.com.au/blog/?tag=""Case Study"", ""Local SEO"", ""Google Ads"", ""Parramatta"", ""Results""",https://theprofitplatform.com.au/cdn-cgi/l/email-protection,404,08 Oct 2025 (02:27 UTC)
https://theprofitplatform.com.au/blog/?tag=2025,https://theprofitplatform.com.au/cdn-cgi/l/email-protection,404,08 Oct 2025 (02:27 UTC)
https://theprofitplatform.com.au/blog/?tag=Ad Extensions,https://theprofitplatform.com.au/cdn-cgi/l/email-protection,404,08 Oct 2025 (02:27 UTC)
https://theprofitplatform.com.au/blog/?tag=Analytics,https://theprofitplatform.com.au/cdn-cgi/l/email-protection,404,08 Oct 2025 (02:27 UTC)
https://theprofitplatform.com.au/blog/?tag=Authority,https://theprofitplatform.com.au/cdn-cgi/l/email-protection,404,08 Oct 2025 (02:27 UTC)
https://theprofitplatform.com.au/blog/?tag=Automation,https://theprofitplatform.com.au/cdn-cgi/l/email-protection,404,08 Oct 2025 (02:27 UTC)
https://theprofitplatform.com.au/blog/?tag=B2B,https://theprofitplatform.com.au/cdn-cgi/l/email-protection,404,11 Oct 2025 (00:11 UTC)
https://theprofitplatform.com.au/blog/?tag=Backlinks,https://theprofitplatform.com.au/cdn-cgi/l/email-protection,404,08 Oct 2025 (02:27 UTC)
https://theprofitplatform.com.au/blog/?tag=Bidding Strategies,https://theprofitplatform.com.au/cdn-cgi/l/email-protection,404,08 Oct 2025 (02:27 UTC)
https://theprofitplatform.com.au/blog/?tag=CMS,https://theprofitplatform.com.au/cdn-cgi/l/email-protection,404,08 Oct 2025 (02:27 UTC)
https://theprofitplatform.com.au/blog/?tag=CRO,https://theprofitplatform.com.au/cdn-cgi/l/email-protection,404,08 Oct 2025 (02:27 UTC)
https://theprofitplatform.com.au/blog/?tag=CTR,https://theprofitplatform.com.au/cdn-cgi/l/email-protection,404,08 Oct 2025 (02:27 UTC)
https://theprofitplatform.com.au/blog/?tag=Checklist,https://theprofitplatform.com.au/cdn-cgi/l/email-protection,404,08 Oct 2025 (02:27 UTC)
https://theprofitplatform.com.au/blog/?tag=Citations,https://theprofitplatform.com.au/cdn-cgi/l/email-protection,404,08 Oct 2025 (02:27 UTC)
https://theprofitplatform.com.au/blog/?tag=Content Strategy,https://theprofitplatform.com.au/cdn-cgi/l/email-protection,404,11 Oct 2025 (00:11 UTC)
https://theprofitplatform.com.au/blog/?tag=Conversion,https://theprofitplatform.com.au/cdn-cgi/l/email-protection,404,08 Oct 2025 (02:27 UTC)
https://theprofitplatform.com.au/blog/?tag=Conversions,https://theprofitplatform.com.au/cdn-cgi/l/email-protection,404,08 Oct 2025 (02:27 UTC)
https://theprofitplatform.com.au/blog/?tag=Cost Optimization,https://theprofitplatform.com.au/cdn-cgi/l/email-protection,404,08 Oct 2025 (02:27 UTC)
https://theprofitplatform.com.au/blog/?tag=Cost Reduction,https://theprofitplatform.com.au/cdn-cgi/l/email-protection,404,08 Oct 2025 (02:27 UTC)
https://theprofitplatform.com.au/blog/?tag=Directory Listings,https://theprofitplatform.com.au/cdn-cgi/l/email-protection,404,08 Oct 2025 (02:27 UTC)
https://theprofitplatform.com.au/blog/?tag=Engagement,https://theprofitplatform.com.au/cdn-cgi/l/email-protection,404,08 Oct 2025 (02:27 UTC)
https://theprofitplatform.com.au/blog/?tag=Free Resources,https://theprofitplatform.com.au/cdn-cgi/l/email-protection,404,05 Oct 2025 (03:42 UTC)
https://theprofitplatform.com.au/blog/?tag=Free Tools,https://theprofitplatform.com.au/cdn-cgi/l/email-protection,404,11 Oct 2025 (00:11 UTC)
https://theprofitplatform.com.au/blog/?tag=Funnels,https://theprofitplatform.com.au/cdn-cgi/l/email-protection,404,08 Oct 2025 (02:27 UTC)
https://theprofitplatform.com.au/blog/?tag=GA4,https://theprofitplatform.com.au/cdn-cgi/l/email-protection,404,08 Oct 2025 (02:27 UTC)
https://theprofitplatform.com.au/blog/?tag=Google Ads,https://theprofitplatform.com.au/cdn-cgi/l/email-protection,404,08 Oct 2025 (02:27 UTC)
https://theprofitplatform.com.au/blog/?tag=Google Analytics,https://theprofitplatform.com.au/cdn-cgi/l/email-protection,404,08 Oct 2025 (02:27 UTC)
https://theprofitplatform.com.au/blog/?tag=Google Business Profile,https://theprofitplatform.com.au/cdn-cgi/l/email-protection,404,08 Oct 2025 (02:27 UTC)
https://theprofitplatform.com.au/blog/?tag=Google Ranking,https://theprofitplatform.com.au/cdn-cgi/l/email-protection,404,08 Oct 2025 (02:27 UTC)
https://theprofitplatform.com.au/blog/?tag=Google Search Console,https://theprofitplatform.com.au/cdn-cgi/l/email-protection,404,08 Oct 2025 (02:27 UTC)
https://theprofitplatform.com.au/blog/?tag=Growth Strategy,https://theprofitplatform.com.au/cdn-cgi/l/email-protection,404,08 Oct 2025 (02:27 UTC)
https://theprofitplatform.com.au/blog/?tag=Lead Generation,https://theprofitplatform.com.au/cdn-cgi/l/email-protection,404,08 Oct 2025 (02:27 UTC)
https://theprofitplatform.com.au/blog/?tag=Link Building,https://theprofitplatform.com.au/cdn-cgi/l/email-protection,404,08 Oct 2025 (02:27 UTC)
https://theprofitplatform.com.au/blog/?tag=Local SEO,https://theprofitplatform.com.au/cdn-cgi/l/email-protection,404,08 Oct 2025 (02:27 UTC)
https://theprofitplatform.com.au/blog/?tag=Local Search,https://theprofitplatform.com.au/cdn-cgi/l/email-protection,404,08 Oct 2025 (02:27 UTC)
https://theprofitplatform.com.au/blog/?tag=Marketing,https://theprofitplatform.com.au/cdn-cgi/l/email-protection,404,11 Oct 2025 (00:11 UTC)
https://theprofitplatform.com.au/blog/?tag=Marketing Budget,https://theprofitplatform.com.au/cdn-cgi/l/email-protection,404,08 Oct 2025 (02:27 UTC)
https://theprofitplatform.com.au/blog/?tag=Marketing Tools,https://theprofitplatform.com.au/cdn-cgi/l/email-protection,404,08 Oct 2025 (02:27 UTC)
https://theprofitplatform.com.au/blog/?tag=Mobile Design,https://theprofitplatform.com.au/cdn-cgi/l/email-protection,404,08 Oct 2025 (02:27 UTC)
https://theprofitplatform.com.au/blog/?tag=Multi-Location,https://theprofitplatform.com.au/cdn-cgi/l/email-protection,404,08 Oct 2025 (02:27 UTC)
https://theprofitplatform.com.au/blog/?tag=NAP,https://theprofitplatform.com.au/cdn-cgi/l/email-protection,404,08 Oct 2025 (02:27 UTC)
https://theprofitplatform.com.au/blog/?tag=Optimization,https://theprofitplatform.com.au/cdn-cgi/l/email-protection,404,08 Oct 2025 (02:27 UTC)
https://theprofitplatform.com.au/blog/?tag=PPC,https://theprofitplatform.com.au/cdn-cgi/l/email-protection,404,08 Oct 2025 (02:27 UTC)
https://theprofitplatform.com.au/blog/?tag=PPC Optimization,https://theprofitplatform.com.au/cdn-cgi/l/email-protection,404,08 Oct 2025 (02:27 UTC)
https://theprofitplatform.com.au/blog/?tag=Posts,https://theprofitplatform.com.au/cdn-cgi/l/email-protection,404,08 Oct 2025 (02:27 UTC)
https://theprofitplatform.com.au/blog/?tag=Productivity,https://theprofitplatform.com.au/cdn-cgi/l/email-protection,404,08 Oct 2025 (02:27 UTC)
https://theprofitplatform.com.au/blog/?tag=Professional Services,https://theprofitplatform.com.au/cdn-cgi/l/email-protection,404,08 Oct 2025 (02:27 UTC)
https://theprofitplatform.com.au/blog/?tag=Quality Score,https://theprofitplatform.com.au/cdn-cgi/l/email-protection,404,08 Oct 2025 (02:27 UTC)
https://theprofitplatform.com.au/blog/?tag=ROI,https://theprofitplatform.com.au/cdn-cgi/l/email-protection,404,08 Oct 2025 (02:27 UTC)
https://theprofitplatform.com.au/blog/?tag=Rankings,https://theprofitplatform.com.au/cdn-cgi/l/email-protection,404,08 Oct 2025 (02:27 UTC)
https://theprofitplatform.com.au/blog/?tag=Remarketing,https://theprofitplatform.com.au/cdn-cgi/l/email-protection,404,11 Oct 2025 (00:11 UTC)
https://theprofitplatform.com.au/blog/?tag=Resources,https://theprofitplatform.com.au/cdn-cgi/l/email-protection,404,11 Oct 2025 (00:11 UTC)
https://theprofitplatform.com.au/blog/?tag=Responsive Design,https://theprofitplatform.com.au/cdn-cgi/l/email-protection,404,08 Oct 2025 (02:27 UTC)
https://theprofitplatform.com.au/blog/?tag=Retargeting,https://theprofitplatform.com.au/cdn-cgi/l/email-protection,404,11 Oct 2025 (00:11 UTC)
https://theprofitplatform.com.au/blog/?tag=Rich Results,https://theprofitplatform.com.au/cdn-cgi/l/email-protection,404,08 Oct 2025 (02:27 UTC)
https://theprofitplatform.com.au/blog/?tag=SEO,https://theprofitplatform.com.au/cdn-cgi/l/email-protection,404,08 Oct 2025 (02:27 UTC)
https://theprofitplatform.com.au/blog/?tag=SEO Tools,https://theprofitplatform.com.au/cdn-cgi/l/email-protection,404,08 Oct 2025 (02:27 UTC)
https://theprofitplatform.com.au/blog/?tag=Schema Markup,https://theprofitplatform.com.au/cdn-cgi/l/email-protection,404,08 Oct 2025 (02:27 UTC)
https://theprofitplatform.com.au/blog/?tag=Service Business,https://theprofitplatform.com.au/cdn-cgi/l/email-protection,404,08 Oct 2025 (02:27 UTC)
https://theprofitplatform.com.au/blog/?tag=Setup,https://theprofitplatform.com.au/cdn-cgi/l/email-protection,404,08 Oct 2025 (02:27 UTC)
https://theprofitplatform.com.au/blog/?tag=Small Business,https://theprofitplatform.com.au/cdn-cgi/l/email-protection,404,11 Oct 2025 (00:11 UTC)
https://theprofitplatform.com.au/blog/?tag=Structured Data,https://theprofitplatform.com.au/cdn-cgi/l/email-protection,404,08 Oct 2025 (02:27 UTC)
https://theprofitplatform.com.au/blog/?tag=Sydney,https://theprofitplatform.com.au/cdn-cgi/l/email-protection,404,08 Oct 2025 (02:27 UTC)
https://theprofitplatform.com.au/blog/?tag=Sydney Business,https://theprofitplatform.com.au/cdn-cgi/l/email-protection,404,08 Oct 2025 (02:27 UTC)
https://theprofitplatform.com.au/blog/?tag=Tracking,https://theprofitplatform.com.au/cdn-cgi/l/email-protection,404,08 Oct 2025 (02:27 UTC)
https://theprofitplatform.com.au/blog/?tag=User Experience,https://theprofitplatform.com.au/cdn-cgi/l/email-protection,404,08 Oct 2025 (02:27 UTC)
https://theprofitplatform.com.au/blog/?tag=WordPress,https://theprofitplatform.com.au/cdn-cgi/l/email-protection,404,08 Oct 2025 (02:27 UTC)
https://theprofitplatform.com.au/blog/?tag=eCommerce,https://theprofitplatform.com.au/cdn-cgi/l/email-protection,404,11 Oct 2025 (00:11 UTC)
https://theprofitplatform.com.au/blog/complete-guide-to-multi-location-seo-for-sydney-business-owners,https://theprofitplatform.com.au/cdn-cgi/l/email-protection,404,08 Oct 2025 (02:27 UTC)
https://theprofitplatform.com.au/blog/complete-guide-to-multi-location-seo-for-sydney-business-owners/,https://theprofitplatform.com.au/cdn-cgi/l/email-protection,404,11 Oct 2025 (00:11 UTC)
https://theprofitplatform.com.au/blog/content-marketing-strategy-for-sydney-b2b-companies-in-2025/,https://theprofitplatform.com.au/cdn-cgi/l/email-protection,404,11 Oct 2025 (00:11 UTC)
https://theprofitplatform.com.au/blog/conversion-rate-optimization-9-quick-wins-for-sydney-service-businesses/,https://theprofitplatform.com.au/cdn-cgi/l/email-protection,404,08 Oct 2025 (02:27 UTC)
https://theprofitplatform.com.au/blog/google-ads-bidding-strategies-which-one-is-right-for-your-sydney-business/,https://theprofitplatform.com.au/cdn-cgi/l/email-protection,404,08 Oct 2025 (02:27 UTC)
https://theprofitplatform.com.au/blog/google-ads-extensions-complete-guide-to-maximising-click-through-rates/,https://theprofitplatform.com.au/cdn-cgi/l/email-protection,404,08 Oct 2025 (02:27 UTC)
https://theprofitplatform.com.au/blog/google-ads-extensions-complete-guide-to-maximising-click-through-rates/(/blog/7-google-ads-mistakes-costing-sydney-businesses-thousands-every-month/),https://theprofitplatform.com.au/cdn-cgi/l/email-protection,404,08 Oct 2025 (02:27 UTC)
https://theprofitplatform.com.au/blog/google-ads-for-service-businesses-campaign-structure-that-converts/,https://theprofitplatform.com.au/cdn-cgi/l/email-protection,404,08 Oct 2025 (02:27 UTC)
https://theprofitplatform.com.au/blog/google-ads-guide,https://theprofitplatform.com.au/cdn-cgi/l/email-protection,404,05 Oct 2025 (03:42 UTC)
https://theprofitplatform.com.au/blog/google-ads-quality-score-how-to-improve-it-and-lower-your-costs/,https://theprofitplatform.com.au/cdn-cgi/l/email-protection,404,08 Oct 2025 (02:27 UTC)
https://theprofitplatform.com.au/blog/google-ads-vs-seo-sydney-businesses/,https://theprofitplatform.com.au/cdn-cgi/l/email-protection,404,05 Oct 2025 (03:42 UTC)
https://theprofitplatform.com.au/blog/google-ads-vs-seo-which-should-sydney-small-businesses-invest-in-first/,https://theprofitplatform.com.au/cdn-cgi/l/email-protection,404,08 Oct 2025 (02:27 UTC)
https://theprofitplatform.com.au/blog/google-analytics-4-complete-setup-guide-for-sydney-business-owners/,https://theprofitplatform.com.au/cdn-cgi/l/email-protection,404,08 Oct 2025 (02:27 UTC)
https://theprofitplatform.com.au/blog/google-my-business-posts-how-to-use-them-to-increase-local-visibility/,https://theprofitplatform.com.au/cdn-cgi/l/email-protection,404,08 Oct 2025 (02:27 UTC)
https://theprofitplatform.com.au/blog/google-search-console-the-complete-guide-for-sydney-business-owners/,https://theprofitplatform.com.au/cdn-cgi/l/email-protection,404,08 Oct 2025 (02:27 UTC)
https://theprofitplatform.com.au/blog/how-sydney-businesses-rank-number-1-google-2025/,https://theprofitplatform.com.au/cdn-cgi/l/email-protection,404,05 Oct 2025 (03:42 UTC)
https://theprofitplatform.com.au/blog/how-to-optimise-your-google-business-profile-for-sydney-local-search-in-2025/,https://theprofitplatform.com.au/cdn-cgi/l/email-protection,404,08 Oct 2025 (02:27 UTC)
https://theprofitplatform.com.au/blog/how-to-reduce-google-ads-cost-per-click-without-sacrificing-quality/,https://theprofitplatform.com.au/cdn-cgi/l/email-protection,404,08 Oct 2025 (02:27 UTC)
https://theprofitplatform.com.au/blog/how-to-scale-local-seo/,https://theprofitplatform.com.au/cdn-cgi/l/email-protection,404,05 Oct 2025 (03:42 UTC)
https://theprofitplatform.com.au/blog/how-to-track-google-ads-roi-a-sydney-business-owner-s-guide/,https://theprofitplatform.com.au/cdn-cgi/l/email-protection,404,08 Oct 2025 (02:27 UTC)
https://theprofitplatform.com.au/blog/how-to-write-google-ads-copy-that-converts-for-sydney-service-businesses/,https://theprofitplatform.com.au/cdn-cgi/l/email-protection,404,08 Oct 2025 (02:27 UTC)
https://theprofitplatform.com.au/blog/keyword-research-for-local-sydney-businesses-the-complete-framework/,https://theprofitplatform.com.au/cdn-cgi/l/email-protection,404,11 Oct 2025 (00:11 UTC)
https://theprofitplatform.com.au/blog/lead-generation-funnels-for-sydney-professional-services-firms/,https://theprofitplatform.com.au/cdn-cgi/l/email-protection,404,08 Oct 2025 (02:27 UTC)
https://theprofitplatform.com.au/blog/link-building-strategies-that-actually-work-for-sydney-businesses/,https://theprofitplatform.com.au/cdn-cgi/l/email-protection,404,08 Oct 2025 (02:27 UTC)
https://theprofitplatform.com.au/blog/local-citations-building-authority-for-sydney-multi-location-businesses/,https://theprofitplatform.com.au/cdn-cgi/l/email-protection,404,08 Oct 2025 (02:27 UTC)
https://theprofitplatform.com.au/blog/local-seo-checklist-47-steps-to-dominate-sydney-suburb-search-results/,https://theprofitplatform.com.au/cdn-cgi/l/email-protection,404,08 Oct 2025 (02:27 UTC)
https://theprofitplatform.com.au/blog/mobile-first-web-design-why-sydney-businesses-can-t-ignore-it-in-2025/,https://theprofitplatform.com.au/cdn-cgi/l/email-protection,404,08 Oct 2025 (02:27 UTC)
https://theprofitplatform.com.au/blog/negative-keywords-how-to-stop-wasting-money-on-google-ads,https://theprofitplatform.com.au/cdn-cgi/l/email-protection,404,08 Oct 2025 (02:27 UTC)
https://theprofitplatform.com.au/blog/negative-keywords-how-to-stop-wasting-money-on-google-ads/,https://theprofitplatform.com.au/cdn-cgi/l/email-protection,404,08 Oct 2025 (02:27 UTC)
https://theprofitplatform.com.au/blog/parramatta-plumber-case-study/,https://theprofitplatform.com.au/cdn-cgi/l/email-protection,404,05 Oct 2025 (03:42 UTC)
https://theprofitplatform.com.au/blog/parramatta-plumber-case-study/?utm_source=theprofitplatform&utm_medium=referral,https://theprofitplatform.com.au/cdn-cgi/l/email-protection,404,08 Oct 2025 (02:27 UTC)
https://theprofitplatform.com.au/blog/remarketing-campaigns-that-actually-convert-for-sydney-ecommerce/,https://theprofitplatform.com.au/cdn-cgi/l/email-protection,404,11 Oct 2025 (00:11 UTC)
https://theprofitplatform.com.au/blog/schema-markup-for-local-sydney-businesses-implementation-guide/,https://theprofitplatform.com.au/cdn-cgi/l/email-protection,404,08 Oct 2025 (02:27 UTC)
https://theprofitplatform.com.au/blog/seo-guide,https://theprofitplatform.com.au/cdn-cgi/l/email-protection,404,05 Oct 2025 (03:42 UTC)
https://theprofitplatform.com.au/blog/website-speed-optimization-how-sydney-businesses-can-improve-core-web-vitals/,https://theprofitplatform.com.au/cdn-cgi/l/email-protection,404,08 Oct 2025 (02:27 UTC)
https://theprofitplatform.com.au/blog/wordpress-seo-complete-optimization-guide-for-sydney-websites/,https://theprofitplatform.com.au/cdn-cgi/l/email-protection,404,08 Oct 2025 (02:27 UTC)
https://theprofitplatform.com.au/contact/,https://theprofitplatform.com.au/cdn-cgi/l/email-protection,404,05 Oct 2025 (03:42 UTC)
https://theprofitplatform.com.au/contact/?service=google-ads,https://theprofitplatform.com.au/cdn-cgi/l/email-protection,404,05 Oct 2025 (03:42 UTC)
https://theprofitplatform.com.au/contact/?service=seo,https://theprofitplatform.com.au/cdn-cgi/l/email-protection,404,05 Oct 2025 (03:42 UTC)
https://theprofitplatform.com.au/contact/?service=web-design,https://theprofitplatform.com.au/cdn-cgi/l/email-protection,404,05 Oct 2025 (03:42 UTC)
https://theprofitplatform.com.au/google-ads/,https://theprofitplatform.com.au/cdn-cgi/l/email-protection,404,05 Oct 2025 (03:42 UTC)
https://theprofitplatform.com.au/google-ads/contact.html?plan=enterprise,https://theprofitplatform.com.au/cdn-cgi/l/email-protection,404,05 Oct 2025 (03:42 UTC)
https://theprofitplatform.com.au/google-ads/contact.html?plan=growth,https://theprofitplatform.com.au/cdn-cgi/l/email-protection,404,05 Oct 2025 (03:42 UTC)
https://theprofitplatform.com.au/google-ads/contact.html?plan=starter,https://theprofitplatform.com.au/cdn-cgi/l/email-protection,404,05 Oct 2025 (03:42 UTC)
https://theprofitplatform.com.au/local-seo-checklist,https://theprofitplatform.com.au/cdn-cgi/l/email-protection,404,05 Oct 2025 (03:42 UTC)
https://theprofitplatform.com.au/portfolio/,https://theprofitplatform.com.au/cdn-cgi/l/email-protection,404,05 Oct 2025 (03:42 UTC)
https://theprofitplatform.com.au/pricing/,https://theprofitplatform.com.au/cdn-cgi/l/email-protection,404,05 Oct 2025 (03:42 UTC)
https://theprofitplatform.com.au/privacy-policy,https://theprofitplatform.com.au/cdn-cgi/l/email-protection,404,05 Oct 2025 (03:42 UTC)
https://theprofitplatform.com.au/privacy/,https://theprofitplatform.com.au/cdn-cgi/l/email-protection,404,05 Oct 2025 (03:42 UTC)
https://theprofitplatform.com.au/seo-checklist/,https://theprofitplatform.com.au/cdn-cgi/l/email-protection,404,08 Oct 2025 (02:27 UTC)
https://theprofitplatform.com.au/seo/,https://theprofitplatform.com.au/cdn-cgi/l/email-protection,404,05 Oct 2025 (03:42 UTC)
https://theprofitplatform.com.au/services/,https://theprofitplatform.com.au/cdn-cgi/l/email-protection,404,05 Oct 2025 (03:42 UTC)
https://theprofitplatform.com.au/sitemap,https://theprofitplatform.com.au/cdn-cgi/l/email-protection,404,05 Oct 2025 (03:42 UTC)
https://theprofitplatform.com.au/social-media,https://theprofitplatform.com.au/cdn-cgi/l/email-protection,404,05 Oct 2025 (03:42 UTC)
https://theprofitplatform.com.au/terms-of-service,https://theprofitplatform.com.au/cdn-cgi/l/email-protection,404,05 Oct 2025 (03:42 UTC)
https://theprofitplatform.com.au/tools/,https://theprofitplatform.com.au/cdn-cgi/l/email-protection,404,05 Oct 2025 (03:42 UTC)
https://theprofitplatform.com.au/tools/competitor-analysis/,https://theprofitplatform.com.au/cdn-cgi/l/email-protection,404,05 Oct 2025 (03:42 UTC)
https://theprofitplatform.com.au/tools/competitor-analysis/methodology/,https://theprofitplatform.com.au/cdn-cgi/l/email-protection,404,08 Oct 2025 (02:27 UTC)
https://theprofitplatform.com.au/tools/content-generator/,https://theprofitplatform.com.au/cdn-cgi/l/email-protection,404,05 Oct 2025 (03:42 UTC)
https://theprofitplatform.com.au/tools/keyword-gap/,https://theprofitplatform.com.au/cdn-cgi/l/email-protection,404,08 Oct 2025 (02:27 UTC)
https://theprofitplatform.com.au/tools/keyword-research/,https://theprofitplatform.com.au/cdn-cgi/l/email-protection,404,05 Oct 2025 (03:42 UTC)
https://theprofitplatform.com.au/tools/meta-tag-generator/,https://theprofitplatform.com.au/cdn-cgi/l/email-protection,404,05 Oct 2025 (03:42 UTC)
https://theprofitplatform.com.au/tools/rank-tracker/,https://theprofitplatform.com.au/cdn-cgi/l/email-protection,404,05 Oct 2025 (03:42 UTC)
https://theprofitplatform.com.au/tools/seo-audit/,https://theprofitplatform.com.au/cdn-cgi/l/email-protection,404,05 Oct 2025 (03:42 UTC)
https://theprofitplatform.com.au/tools/seo-opportunity/,https://theprofitplatform.com.au/cdn-cgi/l/email-protection,404,08 Oct 2025 (02:27 UTC)
https://theprofitplatform.com.au/tools/speed-test/,https://theprofitplatform.com.au/cdn-cgi/l/email-protection,404,05 Oct 2025 (03:42 UTC)
https://theprofitplatform.com.au/web-design/,https://theprofitplatform.com.au/cdn-cgi/l/email-protection,404,05 Oct 2025 (03:42 UTC)
https://theprofitplatform.com.au/webinars,https://theprofitplatform.com.au/cdn-cgi/l/email-protection,404,05 Oct 2025 (03:42 UTC)
