Page URL,ILR,Schema.org (JSON-LD),Schema.org (Microdata),Open Graph,Twitter Cards,Microformats,Article items,Book items,Breadcrumb items,Carousel items,Course items,COVID-19 announcements (BETA) items,Dataset items,Employer Aggregate Rating items,Estimated salary items,Event items,Fact Check items,FAQ items,Guided recipe items,How-to items,Job posting items,Local Business items,Logo items,Merchant listing items,Movie items,Product snippet items,Product group items,Q&A items,Recipe on search items,Review snippet items,Sitelinks search box items,Site names items,Software App items,Vehicle listing items,Video items
https://theprofitplatform.com.au,94,1,0,1,0,0,0,0,1,0,1,0,0,0,0,0,1,0,0,1,0,1,0,0,0,5,0,0,0,0,1,1,1,0,0,0
https://theprofitplatform.com.au/,95,1,0,1,0,0,0,0,1,0,1,0,0,0,0,0,1,0,0,1,0,1,0,0,0,5,0,0,0,0,1,1,1,0,0,0
https://theprofitplatform.com.au/[SEO](/blog/website-speed-optimization-how-sydney-businesses-can-improve-core-web-vitals/),15,1,0,1,0,0,0,0,1,0,1,0,0,0,0,0,1,0,0,1,0,1,0,0,0,5,0,0,0,0,1,0,1,0,0,0
https://theprofitplatform.com.au/about,-,0,0,0,0,0,0,0,0,0,0,0,0,0,0,0,0,0,0,0,0,0,0,0,0,0,0,0,0,0,0,0,0,0,0,0
https://theprofitplatform.com.au/about/,97,1,0,1,0,0,0,0,0,0,0,0,0,0,0,0,1,0,0,0,0,1,0,0,0,3,0,0,0,0,2,0,1,0,0,0
https://theprofitplatform.com.au/blog,-,0,0,0,0,0,0,0,0,0,0,0,0,0,0,0,0,0,0,0,0,0,0,0,0,0,0,0,0,0,0,0,0,0,0,0
https://theprofitplatform.com.au/blog/,100,1,0,1,0,0,0,0,0,0,0,0,0,0,0,0,1,0,0,0,0,1,0,0,0,2,0,0,0,0,1,0,1,0,0,0
https://theprofitplatform.com.au/blog/15-free-digital-marketing-tools-sydney-business,-,0,0,0,0,0,0,0,0,0,0,0,0,0,0,0,0,0,0,0,0,0,0,0,0,0,0,0,0,0,0,0,0,0,0,0
https://theprofitplatform.com.au/blog/15-free-digital-marketing-tools-sydney-business/,77,1,1,1,0,0,1,0,1,0,0,0,0,0,0,0,1,0,0,0,0,1,0,0,0,3,0,0,0,0,1,0,1,0,0,0
https://theprofitplatform.com.au/blog/15-free-seo-tools-every-sydney-small-business-should-use-in-2025,-,0,0,0,0,0,0,0,0,0,0,0,0,0,0,0,0,0,0,0,0,0,0,0,0,0,0,0,0,0,0,0,0,0,0,0
https://theprofitplatform.com.au/blog/15-free-seo-tools-every-sydney-small-business-should-use-in-2025/,75,1,1,1,0,0,1,0,1,0,0,0,0,0,0,0,1,0,0,0,0,1,0,0,0,3,0,0,0,0,1,0,1,0,0,0
https://theprofitplatform.com.au/blog/2025-10-04-7-google-ads-mistakes-costing-[Sydney](/blog/2025-10-04-7-google-ads-mistakes-costing-sydney-businesses-thousands-every-month-TEST/)-businesses-thousands-every-month-TEST/,10,1,0,1,0,0,0,0,1,0,1,0,0,0,0,0,1,0,0,1,0,1,0,0,0,5,0,0,0,0,1,0,1,0,0,0
https://theprofitplatform.com.au/blog/2025-10-04-7-google-ads-mistakes-costing-sydney-businesses-thousands-every-month-TEST/,20,1,0,1,0,0,0,0,1,0,1,0,0,0,0,0,1,0,0,1,0,1,0,0,0,5,0,0,0,0,1,0,1,0,0,0
https://theprofitplatform.com.au/blog/2025-10-04-how-to-optimise-your-google-business-profile-for-[Sydney](/blog/2025-10-04-how-to-optimise-your-google-business-profile-for-sydney-local-search-in-2025/)-local-search-in-2025/,6,1,0,1,0,0,0,0,1,0,1,0,0,0,0,0,1,0,0,1,0,1,0,0,0,5,0,0,0,0,1,0,1,0,0,0
https://theprofitplatform.com.au/blog/2025-10-04-how-to-optimise-your-google-business-profile-for-sydney-local-search-in-2025/,22,1,0,1,0,0,0,0,1,0,1,0,0,0,0,0,1,0,0,1,0,1,0,0,0,5,0,0,0,0,1,0,1,0,0,0
https://theprofitplatform.com.au/blog/2025-10-05-local-seo-checklist-47-steps-to-dominate-sydney-suburb-search-results/,16,1,0,1,0,0,0,0,1,0,1,0,0,0,0,0,1,0,0,1,0,1,0,0,0,5,0,0,0,0,1,0,1,0,0,0
https://theprofitplatform.com.au/blog/7-google-ads-mistakes-costing-sydney-businesses-thousands-every-month,-,0,0,0,0,0,0,0,0,0,0,0,0,0,0,0,0,0,0,0,0,0,0,0,0,0,0,0,0,0,0,0,0,0,0,0
https://theprofitplatform.com.au/blog/7-google-ads-mistakes-costing-sydney-businesses-thousands-every-month/,89,1,1,1,0,0,1,0,1,0,0,0,0,0,0,0,1,0,0,0,0,1,0,0,0,3,0,0,0,0,1,0,1,0,0,0
"https://theprofitplatform.com.au/blog/?tag=""Case Study"", ""Local SEO"", ""Google Ads"", ""Parramatta"", ""Results""",48,1,0,1,0,0,0,0,0,0,0,0,0,0,0,0,1,0,0,0,0,1,0,0,0,2,0,0,0,0,1,0,1,0,0,0
https://theprofitplatform.com.au/blog/?tag=2025,57,1,0,1,0,0,0,0,0,0,0,0,0,0,0,0,1,0,0,0,0,1,0,0,0,2,0,0,0,0,1,0,1,0,0,0
https://theprofitplatform.com.au/blog/?tag=Ad Extensions,35,1,0,1,0,0,0,0,0,0,0,0,0,0,0,0,1,0,0,0,0,1,0,0,0,2,0,0,0,0,1,0,1,0,0,0
https://theprofitplatform.com.au/blog/?tag=Analytics,54,1,0,1,0,0,0,0,0,0,0,0,0,0,0,0,1,0,0,0,0,1,0,0,0,2,0,0,0,0,1,0,1,0,0,0
https://theprofitplatform.com.au/blog/?tag=Authority,38,1,0,1,0,0,0,0,0,0,0,0,0,0,0,0,1,0,0,0,0,1,0,0,0,2,0,0,0,0,1,0,1,0,0,0
https://theprofitplatform.com.au/blog/?tag=Automation,37,1,0,1,0,0,0,0,0,0,0,0,0,0,0,0,1,0,0,0,0,1,0,0,0,2,0,0,0,0,1,0,1,0,0,0
https://theprofitplatform.com.au/blog/?tag=B2B,42,1,0,1,0,0,0,0,0,0,0,0,0,0,0,0,1,0,0,0,0,1,0,0,0,2,0,0,0,0,1,0,1,0,0,0
https://theprofitplatform.com.au/blog/?tag=Backlinks,38,1,0,1,0,0,0,0,0,0,0,0,0,0,0,0,1,0,0,0,0,1,0,0,0,2,0,0,0,0,1,0,1,0,0,0
https://theprofitplatform.com.au/blog/?tag=Bidding Strategies,37,1,0,1,0,0,0,0,0,0,0,0,0,0,0,0,1,0,0,0,0,1,0,0,0,2,0,0,0,0,1,0,1,0,0,0
https://theprofitplatform.com.au/blog/?tag=CMS,41,1,0,1,0,0,0,0,0,0,0,0,0,0,0,0,1,0,0,0,0,1,0,0,0,2,0,0,0,0,1,0,1,0,0,0
https://theprofitplatform.com.au/blog/?tag=CRO,28,1,0,1,0,0,0,0,0,0,0,0,0,0,0,0,1,0,0,0,0,1,0,0,0,2,0,0,0,0,1,0,1,0,0,0
https://theprofitplatform.com.au/blog/?tag=CTR,35,1,0,1,0,0,0,0,0,0,0,0,0,0,0,0,1,0,0,0,0,1,0,0,0,2,0,0,0,0,1,0,1,0,0,0
https://theprofitplatform.com.au/blog/?tag=Checklist,43,1,0,1,0,0,0,0,0,0,0,0,0,0,0,0,1,0,0,0,0,1,0,0,0,2,0,0,0,0,1,0,1,0,0,0
https://theprofitplatform.com.au/blog/?tag=Citations,33,1,0,1,0,0,0,0,0,0,0,0,0,0,0,0,1,0,0,0,0,1,0,0,0,2,0,0,0,0,1,0,1,0,0,0
https://theprofitplatform.com.au/blog/?tag=Content Strategy,42,1,0,1,0,0,0,0,0,0,0,0,0,0,0,0,1,0,0,0,0,1,0,0,0,2,0,0,0,0,1,0,1,0,0,0
https://theprofitplatform.com.au/blog/?tag=Conversion,25,1,0,1,0,0,0,0,0,0,0,0,0,0,0,0,1,0,0,0,0,1,0,0,0,2,0,0,0,0,1,0,1,0,0,0
https://theprofitplatform.com.au/blog/?tag=Conversions,53,1,0,1,0,0,0,0,0,0,0,0,0,0,0,0,1,0,0,0,0,1,0,0,0,2,0,0,0,0,1,0,1,0,0,0
https://theprofitplatform.com.au/blog/?tag=Cost Optimization,46,1,0,1,0,0,0,0,0,0,0,0,0,0,0,0,1,0,0,0,0,1,0,0,0,2,0,0,0,0,1,0,1,0,0,0
https://theprofitplatform.com.au/blog/?tag=Cost Reduction,34,1,0,1,0,0,0,0,0,0,0,0,0,0,0,0,1,0,0,0,0,1,0,0,0,2,0,0,0,0,1,0,1,0,0,0
https://theprofitplatform.com.au/blog/?tag=Directory Listings,33,1,0,1,0,0,0,0,0,0,0,0,0,0,0,0,1,0,0,0,0,1,0,0,0,2,0,0,0,0,1,0,1,0,0,0
https://theprofitplatform.com.au/blog/?tag=Engagement,33,1,0,1,0,0,0,0,0,0,0,0,0,0,0,0,1,0,0,0,0,1,0,0,0,2,0,0,0,0,1,0,1,0,0,0
https://theprofitplatform.com.au/blog/?tag=Free Resources,24,1,0,1,0,0,0,0,0,0,0,0,0,0,0,0,1,0,0,0,0,1,0,0,0,2,0,0,0,0,1,0,1,0,0,0
https://theprofitplatform.com.au/blog/?tag=Free Tools,27,1,0,1,0,0,0,0,0,0,0,0,0,0,0,0,1,0,0,0,0,1,0,0,0,2,0,0,0,0,1,0,1,0,0,0
https://theprofitplatform.com.au/blog/?tag=Funnels,25,1,0,1,0,0,0,0,0,0,0,0,0,0,0,0,1,0,0,0,0,1,0,0,0,2,0,0,0,0,1,0,1,0,0,0
https://theprofitplatform.com.au/blog/?tag=GA4,37,1,0,1,0,0,0,0,0,0,0,0,0,0,0,0,1,0,0,0,0,1,0,0,0,2,0,0,0,0,1,0,1,0,0,0
https://theprofitplatform.com.au/blog/?tag=Google Ads,62,1,0,1,0,0,0,0,0,0,0,0,0,0,0,0,1,0,0,0,0,1,0,0,0,2,0,0,0,0,1,0,1,0,0,0
https://theprofitplatform.com.au/blog/?tag=Google Analytics,37,1,0,1,0,0,0,0,0,0,0,0,0,0,0,0,1,0,0,0,0,1,0,0,0,2,0,0,0,0,1,0,1,0,0,0
https://theprofitplatform.com.au/blog/?tag=Google Business Profile,63,1,0,1,0,0,0,0,0,0,0,0,0,0,0,0,1,0,0,0,0,1,0,0,0,2,0,0,0,0,1,0,1,0,0,0
https://theprofitplatform.com.au/blog/?tag=Google Ranking,49,1,0,1,0,0,0,0,0,0,0,0,0,0,0,0,1,0,0,0,0,1,0,0,0,2,0,0,0,0,1,0,1,0,0,0
https://theprofitplatform.com.au/blog/?tag=Google Search Console,30,1,0,1,0,0,0,0,0,0,0,0,0,0,0,0,1,0,0,0,0,1,0,0,0,2,0,0,0,0,1,0,1,0,0,0
https://theprofitplatform.com.au/blog/?tag=Growth Strategy,44,1,0,1,0,0,0,0,0,0,0,0,0,0,0,0,1,0,0,0,0,1,0,0,0,2,0,0,0,0,1,0,1,0,0,0
https://theprofitplatform.com.au/blog/?tag=Lead Generation,25,1,0,1,0,0,0,0,0,0,0,0,0,0,0,0,1,0,0,0,0,1,0,0,0,2,0,0,0,0,1,0,1,0,0,0
https://theprofitplatform.com.au/blog/?tag=Link Building,38,1,0,1,0,0,0,0,0,0,0,0,0,0,0,0,1,0,0,0,0,1,0,0,0,2,0,0,0,0,1,0,1,0,0,0
https://theprofitplatform.com.au/blog/?tag=Local SEO,70,1,0,1,0,0,0,0,0,0,0,0,0,0,0,0,1,0,0,0,0,1,0,0,0,2,0,0,0,0,1,0,1,0,0,0
https://theprofitplatform.com.au/blog/?tag=Local Search,51,1,0,1,0,0,0,0,0,0,0,0,0,0,0,0,1,0,0,0,0,1,0,0,0,2,0,0,0,0,1,0,1,0,0,0
https://theprofitplatform.com.au/blog/?tag=Marketing,42,1,0,1,0,0,0,0,0,0,0,0,0,0,0,0,1,0,0,0,0,1,0,0,0,2,0,0,0,0,1,0,1,0,0,0
https://theprofitplatform.com.au/blog/?tag=Marketing Budget,47,1,0,1,0,0,0,0,0,0,0,0,0,0,0,0,1,0,0,0,0,1,0,0,0,2,0,0,0,0,1,0,1,0,0,0
https://theprofitplatform.com.au/blog/?tag=Marketing Tools,24,1,0,1,0,0,0,0,0,0,0,0,0,0,0,0,1,0,0,0,0,1,0,0,0,2,0,0,0,0,1,0,1,0,0,0
https://theprofitplatform.com.au/blog/?tag=Mobile Design,32,1,0,1,0,0,0,0,0,0,0,0,0,0,0,0,1,0,0,0,0,1,0,0,0,2,0,0,0,0,1,0,1,0,0,0
https://theprofitplatform.com.au/blog/?tag=Multi-Location,44,1,0,1,0,0,0,0,0,0,0,0,0,0,0,0,1,0,0,0,0,1,0,0,0,2,0,0,0,0,1,0,1,0,0,0
https://theprofitplatform.com.au/blog/?tag=NAP,33,1,0,1,0,0,0,0,0,0,0,0,0,0,0,0,1,0,0,0,0,1,0,0,0,2,0,0,0,0,1,0,1,0,0,0
https://theprofitplatform.com.au/blog/?tag=Optimization,58,1,0,1,0,0,0,0,0,0,0,0,0,0,0,0,1,0,0,0,0,1,0,0,0,2,0,0,0,0,1,0,1,0,0,0
https://theprofitplatform.com.au/blog/?tag=PPC,65,1,0,1,0,0,0,0,0,0,0,0,0,0,0,0,1,0,0,0,0,1,0,0,0,2,0,0,0,0,1,0,1,0,0,0
https://theprofitplatform.com.au/blog/?tag=PPC Optimization,34,1,0,1,0,0,0,0,0,0,0,0,0,0,0,0,1,0,0,0,0,1,0,0,0,2,0,0,0,0,1,0,1,0,0,0
https://theprofitplatform.com.au/blog/?tag=Posts,33,1,0,1,0,0,0,0,0,0,0,0,0,0,0,0,1,0,0,0,0,1,0,0,0,2,0,0,0,0,1,0,1,0,0,0
https://theprofitplatform.com.au/blog/?tag=Productivity,24,1,0,1,0,0,0,0,0,0,0,0,0,0,0,0,1,0,0,0,0,1,0,0,0,2,0,0,0,0,1,0,1,0,0,0
https://theprofitplatform.com.au/blog/?tag=Professional Services,25,1,0,1,0,0,0,0,0,0,0,0,0,0,0,0,1,0,0,0,0,1,0,0,0,2,0,0,0,0,1,0,1,0,0,0
https://theprofitplatform.com.au/blog/?tag=Quality Score,34,1,0,1,0,0,0,0,0,0,0,0,0,0,0,0,1,0,0,0,0,1,0,0,0,2,0,0,0,0,1,0,1,0,0,0
https://theprofitplatform.com.au/blog/?tag=ROI,56,1,0,1,0,0,0,0,0,0,0,0,0,0,0,0,1,0,0,0,0,1,0,0,0,2,0,0,0,0,1,0,1,0,0,0
https://theprofitplatform.com.au/blog/?tag=Rankings,43,1,0,1,0,0,0,0,0,0,0,0,0,0,0,0,1,0,0,0,0,1,0,0,0,2,0,0,0,0,1,0,1,0,0,0
https://theprofitplatform.com.au/blog/?tag=Remarketing,29,1,0,1,0,0,0,0,0,0,0,0,0,0,0,0,1,0,0,0,0,1,0,0,0,2,0,0,0,0,1,0,1,0,0,0
https://theprofitplatform.com.au/blog/?tag=Resources,27,1,0,1,0,0,0,0,0,0,0,0,0,0,0,0,1,0,0,0,0,1,0,0,0,2,0,0,0,0,1,0,1,0,0,0
https://theprofitplatform.com.au/blog/?tag=Responsive Design,32,1,0,1,0,0,0,0,0,0,0,0,0,0,0,0,1,0,0,0,0,1,0,0,0,2,0,0,0,0,1,0,1,0,0,0
https://theprofitplatform.com.au/blog/?tag=Retargeting,29,1,0,1,0,0,0,0,0,0,0,0,0,0,0,0,1,0,0,0,0,1,0,0,0,2,0,0,0,0,1,0,1,0,0,0
https://theprofitplatform.com.au/blog/?tag=Rich Results,39,1,0,1,0,0,0,0,0,0,0,0,0,0,0,0,1,0,0,0,0,1,0,0,0,2,0,0,0,0,1,0,1,0,0,0
https://theprofitplatform.com.au/blog/?tag=SEO,68,1,0,1,0,0,0,0,0,0,0,0,0,0,0,0,1,0,0,0,0,1,0,0,0,2,0,0,0,0,1,0,1,0,0,0
https://theprofitplatform.com.au/blog/?tag=SEO Tools,52,1,0,1,0,0,0,0,0,0,0,0,0,0,0,0,1,0,0,0,0,1,0,0,0,2,0,0,0,0,1,0,1,0,0,0
https://theprofitplatform.com.au/blog/?tag=Schema Markup,39,1,0,1,0,0,0,0,0,0,0,0,0,0,0,0,1,0,0,0,0,1,0,0,0,2,0,0,0,0,1,0,1,0,0,0
https://theprofitplatform.com.au/blog/?tag=Service Business,28,1,0,1,0,0,0,0,0,0,0,0,0,0,0,0,1,0,0,0,0,1,0,0,0,2,0,0,0,0,1,0,1,0,0,0
https://theprofitplatform.com.au/blog/?tag=Setup,37,1,0,1,0,0,0,0,0,0,0,0,0,0,0,0,1,0,0,0,0,1,0,0,0,2,0,0,0,0,1,0,1,0,0,0
https://theprofitplatform.com.au/blog/?tag=Small Business,27,1,0,1,0,0,0,0,0,0,0,0,0,0,0,0,1,0,0,0,0,1,0,0,0,2,0,0,0,0,1,0,1,0,0,0
https://theprofitplatform.com.au/blog/?tag=Structured Data,39,1,0,1,0,0,0,0,0,0,0,0,0,0,0,0,1,0,0,0,0,1,0,0,0,2,0,0,0,0,1,0,1,0,0,0
https://theprofitplatform.com.au/blog/?tag=Sydney,66,1,0,1,0,0,0,0,0,0,0,0,0,0,0,0,1,0,0,0,0,1,0,0,0,2,0,0,0,0,1,0,1,0,0,0
https://theprofitplatform.com.au/blog/?tag=Sydney Business,61,1,0,1,0,0,0,0,0,0,0,0,0,0,0,0,1,0,0,0,0,1,0,0,0,2,0,0,0,0,1,0,1,0,0,0
https://theprofitplatform.com.au/blog/?tag=Tracking,59,1,0,1,0,0,0,0,0,0,0,0,0,0,0,0,1,0,0,0,0,1,0,0,0,2,0,0,0,0,1,0,1,0,0,0
https://theprofitplatform.com.au/blog/?tag=User Experience,32,1,0,1,0,0,0,0,0,0,0,0,0,0,0,0,1,0,0,0,0,1,0,0,0,2,0,0,0,0,1,0,1,0,0,0
https://theprofitplatform.com.au/blog/?tag=WordPress,41,1,0,1,0,0,0,0,0,0,0,0,0,0,0,0,1,0,0,0,0,1,0,0,0,2,0,0,0,0,1,0,1,0,0,0
https://theprofitplatform.com.au/blog/?tag=eCommerce,29,1,0,1,0,0,0,0,0,0,0,0,0,0,0,0,1,0,0,0,0,1,0,0,0,2,0,0,0,0,1,0,1,0,0,0
https://theprofitplatform.com.au/blog/complete-guide-to-multi-location-seo-for-sydney-business-owners,14,1,0,1,0,0,0,0,1,0,1,0,0,0,0,0,1,0,0,1,0,1,0,0,0,5,0,0,0,0,1,0,1,0,0,0
https://theprofitplatform.com.au/blog/complete-guide-to-multi-location-seo-for-sydney-business-owners/,4,1,0,1,0,0,0,0,1,0,1,0,0,0,0,0,1,0,0,1,0,1,0,0,0,5,0,0,0,0,1,0,1,0,0,0
https://theprofitplatform.com.au/blog/content-marketing-strategy-for-sydney-b2b-companies-in-2025,-,0,0,0,0,0,0,0,0,0,0,0,0,0,0,0,0,0,0,0,0,0,0,0,0,0,0,0,0,0,0,0,0,0,0,0
https://theprofitplatform.com.au/blog/content-marketing-strategy-for-sydney-b2b-companies-in-2025/,75,1,1,1,0,0,1,0,1,0,0,0,0,0,0,0,1,0,0,0,0,1,0,0,0,3,0,0,0,0,1,0,1,0,0,0
https://theprofitplatform.com.au/blog/conversion-rate-optimization-9-quick-wins-for-sydney-service-businesses,-,0,0,0,0,0,0,0,0,0,0,0,0,0,0,0,0,0,0,0,0,0,0,0,0,0,0,0,0,0,0,0,0,0,0,0
https://theprofitplatform.com.au/blog/conversion-rate-optimization-9-quick-wins-for-sydney-service-businesses/,75,1,1,1,0,0,1,0,1,0,0,0,0,0,0,0,1,0,0,0,0,1,0,0,0,3,0,0,0,0,1,0,1,0,0,0
https://theprofitplatform.com.au/blog/google-ads-bidding-strategies-which-one-is-right-for-your-sydney-business,-,0,0,0,0,0,0,0,0,0,0,0,0,0,0,0,0,0,0,0,0,0,0,0,0,0,0,0,0,0,0,0,0,0,0,0
https://theprofitplatform.com.au/blog/google-ads-bidding-strategies-which-one-is-right-for-your-sydney-business/,75,1,1,1,0,0,1,0,1,0,0,0,0,0,0,0,1,0,0,0,0,1,0,0,0,3,0,0,0,0,1,0,1,0,0,0
https://theprofitplatform.com.au/blog/google-ads-extensions-complete-guide-to-maximising-click-through-rates,-,0,0,0,0,0,0,0,0,0,0,0,0,0,0,0,0,0,0,0,0,0,0,0,0,0,0,0,0,0,0,0,0,0,0,0
https://theprofitplatform.com.au/blog/google-ads-extensions-complete-guide-to-maximising-click-through-rates/,81,1,1,1,0,0,1,0,1,0,0,0,0,0,0,0,1,0,0,0,0,1,0,0,0,3,0,0,0,0,1,0,1,0,0,0
https://theprofitplatform.com.au/blog/google-ads-extensions-complete-guide-to-maximising-click-through-rates/(/blog/7-google-ads-mistakes-costing-sydney-businesses-thousands-every-month/),9,1,0,1,0,0,0,0,1,0,1,0,0,0,0,0,1,0,0,1,0,1,0,0,0,5,0,0,0,0,1,0,1,0,0,0
https://theprofitplatform.com.au/blog/google-ads-for-service-businesses-campaign-structure-that-converts/,10,1,0,1,0,0,0,0,1,0,1,0,0,0,0,0,1,0,0,1,0,1,0,0,0,5,0,0,0,0,1,0,1,0,0,0
https://theprofitplatform.com.au/blog/google-ads-guide,95,1,0,1,0,0,0,0,1,0,1,0,0,0,0,0,1,0,0,1,0,1,0,0,0,5,0,0,0,0,1,0,1,0,0,0
https://theprofitplatform.com.au/blog/google-ads-quality-score-how-to-improve-it-and-lower-your-costs,-,0,0,0,0,0,0,0,0,0,0,0,0,0,0,0,0,0,0,0,0,0,0,0,0,0,0,0,0,0,0,0,0,0,0,0
https://theprofitplatform.com.au/blog/google-ads-quality-score-how-to-improve-it-and-lower-your-costs/,84,1,1,1,0,0,1,0,1,0,0,0,0,0,0,0,1,0,0,0,0,1,0,0,0,3,0,0,0,0,1,0,1,0,0,0
https://theprofitplatform.com.au/blog/google-ads-vs-seo-sydney-businesses,-,0,0,0,0,0,0,0,0,0,0,0,0,0,0,0,0,0,0,0,0,0,0,0,0,0,0,0,0,0,0,0,0,0,0,0
https://theprofitplatform.com.au/blog/google-ads-vs-seo-sydney-businesses/,90,1,1,1,0,0,1,0,1,0,0,0,0,0,0,0,1,0,0,0,0,1,0,0,0,3,0,0,0,0,1,0,1,0,0,0
https://theprofitplatform.com.au/blog/google-ads-vs-seo-which-should-sydney-small-businesses-invest-in-first/,3,1,0,1,0,0,0,0,1,0,1,0,0,0,0,0,1,0,0,1,0,1,0,0,0,5,0,0,0,0,1,0,1,0,0,0
https://theprofitplatform.com.au/blog/google-analytics-4-complete-setup-guide-for-sydney-business-owners,-,0,0,0,0,0,0,0,0,0,0,0,0,0,0,0,0,0,0,0,0,0,0,0,0,0,0,0,0,0,0,0,0,0,0,0
https://theprofitplatform.com.au/blog/google-analytics-4-complete-setup-guide-for-sydney-business-owners/,75,1,1,1,0,0,1,0,1,0,0,0,0,0,0,0,1,0,0,0,0,1,0,0,0,3,0,0,0,0,1,0,1,0,0,0
https://theprofitplatform.com.au/blog/google-my-business-posts-how-to-use-them-to-increase-local-visibility,-,0,0,0,0,0,0,0,0,0,0,0,0,0,0,0,0,0,0,0,0,0,0,0,0,0,0,0,0,0,0,0,0,0,0,0
https://theprofitplatform.com.au/blog/google-my-business-posts-how-to-use-them-to-increase-local-visibility/,75,1,1,1,0,0,1,0,1,0,0,0,0,0,0,0,1,0,0,0,0,1,0,0,0,3,0,0,0,0,1,0,1,0,0,0
https://theprofitplatform.com.au/blog/google-search-console-the-complete-guide-for-sydney-business-owners,-,0,0,0,0,0,0,0,0,0,0,0,0,0,0,0,0,0,0,0,0,0,0,0,0,0,0,0,0,0,0,0,0,0,0,0
https://theprofitplatform.com.au/blog/google-search-console-the-complete-guide-for-sydney-business-owners/,78,1,1,1,0,0,1,0,1,0,0,0,0,0,0,0,1,0,0,0,0,1,0,0,0,3,0,0,0,0,1,0,1,0,0,0
https://theprofitplatform.com.au/blog/how-sydney-businesses-rank-number-1-google-2025,-,0,0,0,0,0,0,0,0,0,0,0,0,0,0,0,0,0,0,0,0,0,0,0,0,0,0,0,0,0,0,0,0,0,0,0
https://theprofitplatform.com.au/blog/how-sydney-businesses-rank-number-1-google-2025/,91,1,1,1,0,0,1,0,1,0,0,0,0,0,0,0,1,0,0,0,0,1,0,0,0,3,0,0,0,0,1,0,1,0,0,0
https://theprofitplatform.com.au/blog/how-to-optimise-your-google-business-profile-for-sydney-local-search-in-2025,-,0,0,0,0,0,0,0,0,0,0,0,0,0,0,0,0,0,0,0,0,0,0,0,0,0,0,0,0,0,0,0,0,0,0,0
https://theprofitplatform.com.au/blog/how-to-optimise-your-google-business-profile-for-sydney-local-search-in-2025/,92,1,1,1,0,0,1,0,1,0,0,0,0,0,0,0,1,0,0,0,0,1,0,0,0,3,0,0,0,0,1,0,1,0,0,0
https://theprofitplatform.com.au/blog/how-to-reduce-google-ads-cost-per-click-without-sacrificing-quality/,18,1,0,1,0,0,0,0,1,0,1,0,0,0,0,0,1,0,0,1,0,1,0,0,0,5,0,0,0,0,1,0,1,0,0,0
https://theprofitplatform.com.au/blog/how-to-scale-local-seo,-,0,0,0,0,0,0,0,0,0,0,0,0,0,0,0,0,0,0,0,0,0,0,0,0,0,0,0,0,0,0,0,0,0,0,0
https://theprofitplatform.com.au/blog/how-to-scale-local-seo/,87,1,1,1,0,0,1,0,1,0,0,0,0,0,0,0,1,0,0,0,0,1,0,0,0,3,0,0,0,0,1,0,1,0,0,0
https://theprofitplatform.com.au/blog/how-to-track-google-ads-roi-a-sydney-business-owner-s-guide,-,0,0,0,0,0,0,0,0,0,0,0,0,0,0,0,0,0,0,0,0,0,0,0,0,0,0,0,0,0,0,0,0,0,0,0
https://theprofitplatform.com.au/blog/how-to-track-google-ads-roi-a-sydney-business-owner-s-guide/,86,1,1,1,0,0,1,0,1,0,0,0,0,0,0,0,1,0,0,0,0,1,0,0,0,3,0,0,0,0,1,0,1,0,0,0
https://theprofitplatform.com.au/blog/how-to-write-google-ads-copy-that-converts-for-sydney-service-businesses/,5,1,0,1,0,0,0,0,1,0,1,0,0,0,0,0,1,0,0,1,0,1,0,0,0,5,0,0,0,0,1,0,1,0,0,0
https://theprofitplatform.com.au/blog/keyword-research-for-local-sydney-businesses-the-complete-framework/,11,1,0,1,0,0,0,0,1,0,1,0,0,0,0,0,1,0,0,1,0,1,0,0,0,5,0,0,0,0,1,0,1,0,0,0
https://theprofitplatform.com.au/blog/lead-generation-funnels-for-sydney-professional-services-firms,-,0,0,0,0,0,0,0,0,0,0,0,0,0,0,0,0,0,0,0,0,0,0,0,0,0,0,0,0,0,0,0,0,0,0,0
https://theprofitplatform.com.au/blog/lead-generation-funnels-for-sydney-professional-services-firms/,75,1,1,1,0,0,1,0,1,0,0,0,0,0,0,0,1,0,0,0,0,1,0,0,0,3,0,0,0,0,1,0,1,0,0,0
https://theprofitplatform.com.au/blog/link-building-strategies-that-actually-work-for-sydney-businesses,-,0,0,0,0,0,0,0,0,0,0,0,0,0,0,0,0,0,0,0,0,0,0,0,0,0,0,0,0,0,0,0,0,0,0,0
https://theprofitplatform.com.au/blog/link-building-strategies-that-actually-work-for-sydney-businesses/,80,1,1,1,0,0,1,0,1,0,0,0,0,0,0,0,1,0,0,0,0,1,0,0,0,3,0,0,0,0,1,0,1,0,0,0
https://theprofitplatform.com.au/blog/local-citations-building-authority-for-sydney-multi-location-businesses,-,0,0,0,0,0,0,0,0,0,0,0,0,0,0,0,0,0,0,0,0,0,0,0,0,0,0,0,0,0,0,0,0,0,0,0
https://theprofitplatform.com.au/blog/local-citations-building-authority-for-sydney-multi-location-businesses/,75,1,1,1,0,0,1,0,1,0,0,0,0,0,0,0,1,0,0,0,0,1,0,0,0,3,0,0,0,0,1,0,1,0,0,0
https://theprofitplatform.com.au/blog/local-seo-checklist-47-steps-to-dominate-sydney-suburb-search-results,-,0,0,0,0,0,0,0,0,0,0,0,0,0,0,0,0,0,0,0,0,0,0,0,0,0,0,0,0,0,0,0,0,0,0,0
https://theprofitplatform.com.au/blog/local-seo-checklist-47-steps-to-dominate-sydney-suburb-search-results/,85,1,1,1,0,0,1,0,1,0,0,0,0,0,0,0,1,0,0,0,0,1,0,0,0,3,0,0,0,0,1,0,1,0,0,0
https://theprofitplatform.com.au/blog/mobile-first-web-design-why-sydney-businesses-can-t-ignore-it-in-2025,-,0,0,0,0,0,0,0,0,0,0,0,0,0,0,0,0,0,0,0,0,0,0,0,0,0,0,0,0,0,0,0,0,0,0,0
https://theprofitplatform.com.au/blog/mobile-first-web-design-why-sydney-businesses-can-t-ignore-it-in-2025/,76,1,1,1,0,0,1,0,1,0,0,0,0,0,0,0,1,0,0,0,0,1,0,0,0,3,0,0,0,0,1,0,1,0,0,0
https://theprofitplatform.com.au/blog/negative-keywords-how-to-stop-wasting-money-on-google-ads,19,1,0,1,0,0,0,0,1,0,1,0,0,0,0,0,1,0,0,1,0,1,0,0,0,5,0,0,0,0,1,0,1,0,0,0
https://theprofitplatform.com.au/blog/negative-keywords-how-to-stop-wasting-money-on-google-ads/,8,1,0,1,0,0,0,0,1,0,1,0,0,0,0,0,1,0,0,1,0,1,0,0,0,5,0,0,0,0,1,0,1,0,0,0
https://theprofitplatform.com.au/blog/parramatta-plumber-case-study,-,0,0,0,0,0,0,0,0,0,0,0,0,0,0,0,0,0,0,0,0,0,0,0,0,0,0,0,0,0,0,0,0,0,0,0
https://theprofitplatform.com.au/blog/parramatta-plumber-case-study/,82,1,1,1,0,0,1,0,1,0,0,0,0,0,0,0,1,0,0,0,0,1,0,0,0,3,0,0,0,0,1,0,1,0,0,0
https://theprofitplatform.com.au/blog/parramatta-plumber-case-study/?utm_source=theprofitplatform&utm_medium=referral,13,1,1,1,0,0,1,0,1,0,0,0,0,0,0,0,1,0,0,0,0,1,0,0,0,3,0,0,0,0,1,0,1,0,0,0
https://theprofitplatform.com.au/blog/remarketing-campaigns-that-actually-convert-for-sydney-ecommerce,-,0,0,0,0,0,0,0,0,0,0,0,0,0,0,0,0,0,0,0,0,0,0,0,0,0,0,0,0,0,0,0,0,0,0,0
https://theprofitplatform.com.au/blog/remarketing-campaigns-that-actually-convert-for-sydney-ecommerce/,75,1,1,1,0,0,1,0,1,0,0,0,0,0,0,0,1,0,0,0,0,1,0,0,0,3,0,0,0,0,1,0,1,0,0,0
https://theprofitplatform.com.au/blog/schema-markup-for-local-sydney-businesses-implementation-guide,-,0,0,0,0,0,0,0,0,0,0,0,0,0,0,0,0,0,0,0,0,0,0,0,0,0,0,0,0,0,0,0,0,0,0,0
https://theprofitplatform.com.au/blog/schema-markup-for-local-sydney-businesses-implementation-guide/,75,1,1,1,0,0,1,0,1,0,0,0,0,0,0,0,1,0,0,0,0,1,0,0,0,3,0,0,0,0,1,0,1,0,0,0
https://theprofitplatform.com.au/blog/seo-guide,95,1,0,1,0,0,0,0,1,0,1,0,0,0,0,0,1,0,0,1,0,1,0,0,0,5,0,0,0,0,1,0,1,0,0,0
https://theprofitplatform.com.au/blog/website-speed-optimization-how-sydney-businesses-can-improve-core-web-vitals/,15,1,0,1,0,0,0,0,1,0,1,0,0,0,0,0,1,0,0,1,0,1,0,0,0,5,0,0,0,0,1,0,1,0,0,0
https://theprofitplatform.com.au/blog/wordpress-seo-complete-optimization-guide-for-sydney-websites,-,0,0,0,0,0,0,0,0,0,0,0,0,0,0,0,0,0,0,0,0,0,0,0,0,0,0,0,0,0,0,0,0,0,0,0
https://theprofitplatform.com.au/blog/wordpress-seo-complete-optimization-guide-for-sydney-websites/,76,1,1,1,0,0,1,0,1,0,0,0,0,0,0,0,1,0,0,0,0,1,0,0,0,3,0,0,0,0,1,0,1,0,0,0
"https://theprofitplatform.com.au/blog?tag=""Case Study"", ""Local SEO"", ""Google Ads"", ""Parramatta"", ""Results""",-,0,0,0,0,0,0,0,0,0,0,0,0,0,0,0,0,0,0,0,0,0,0,0,0,0,0,0,0,0,0,0,0,0,0,0
https://theprofitplatform.com.au/blog?tag=2025,-,0,0,0,0,0,0,0,0,0,0,0,0,0,0,0,0,0,0,0,0,0,0,0,0,0,0,0,0,0,0,0,0,0,0,0
https://theprofitplatform.com.au/blog?tag=Ad Extensions,-,0,0,0,0,0,0,0,0,0,0,0,0,0,0,0,0,0,0,0,0,0,0,0,0,0,0,0,0,0,0,0,0,0,0,0
https://theprofitplatform.com.au/blog?tag=Analytics,-,0,0,0,0,0,0,0,0,0,0,0,0,0,0,0,0,0,0,0,0,0,0,0,0,0,0,0,0,0,0,0,0,0,0,0
https://theprofitplatform.com.au/blog?tag=Authority,-,0,0,0,0,0,0,0,0,0,0,0,0,0,0,0,0,0,0,0,0,0,0,0,0,0,0,0,0,0,0,0,0,0,0,0
https://theprofitplatform.com.au/blog?tag=Automation,-,0,0,0,0,0,0,0,0,0,0,0,0,0,0,0,0,0,0,0,0,0,0,0,0,0,0,0,0,0,0,0,0,0,0,0
https://theprofitplatform.com.au/blog?tag=B2B,-,0,0,0,0,0,0,0,0,0,0,0,0,0,0,0,0,0,0,0,0,0,0,0,0,0,0,0,0,0,0,0,0,0,0,0
https://theprofitplatform.com.au/blog?tag=Backlinks,-,0,0,0,0,0,0,0,0,0,0,0,0,0,0,0,0,0,0,0,0,0,0,0,0,0,0,0,0,0,0,0,0,0,0,0
https://theprofitplatform.com.au/blog?tag=Bidding Strategies,-,0,0,0,0,0,0,0,0,0,0,0,0,0,0,0,0,0,0,0,0,0,0,0,0,0,0,0,0,0,0,0,0,0,0,0
https://theprofitplatform.com.au/blog?tag=CMS,-,0,0,0,0,0,0,0,0,0,0,0,0,0,0,0,0,0,0,0,0,0,0,0,0,0,0,0,0,0,0,0,0,0,0,0
https://theprofitplatform.com.au/blog?tag=CRO,-,0,0,0,0,0,0,0,0,0,0,0,0,0,0,0,0,0,0,0,0,0,0,0,0,0,0,0,0,0,0,0,0,0,0,0
https://theprofitplatform.com.au/blog?tag=CTR,-,0,0,0,0,0,0,0,0,0,0,0,0,0,0,0,0,0,0,0,0,0,0,0,0,0,0,0,0,0,0,0,0,0,0,0
https://theprofitplatform.com.au/blog?tag=Checklist,-,0,0,0,0,0,0,0,0,0,0,0,0,0,0,0,0,0,0,0,0,0,0,0,0,0,0,0,0,0,0,0,0,0,0,0
https://theprofitplatform.com.au/blog?tag=Citations,-,0,0,0,0,0,0,0,0,0,0,0,0,0,0,0,0,0,0,0,0,0,0,0,0,0,0,0,0,0,0,0,0,0,0,0
https://theprofitplatform.com.au/blog?tag=Content Strategy,-,0,0,0,0,0,0,0,0,0,0,0,0,0,0,0,0,0,0,0,0,0,0,0,0,0,0,0,0,0,0,0,0,0,0,0
https://theprofitplatform.com.au/blog?tag=Conversion,-,0,0,0,0,0,0,0,0,0,0,0,0,0,0,0,0,0,0,0,0,0,0,0,0,0,0,0,0,0,0,0,0,0,0,0
https://theprofitplatform.com.au/blog?tag=Conversions,-,0,0,0,0,0,0,0,0,0,0,0,0,0,0,0,0,0,0,0,0,0,0,0,0,0,0,0,0,0,0,0,0,0,0,0
https://theprofitplatform.com.au/blog?tag=Cost Optimization,-,0,0,0,0,0,0,0,0,0,0,0,0,0,0,0,0,0,0,0,0,0,0,0,0,0,0,0,0,0,0,0,0,0,0,0
https://theprofitplatform.com.au/blog?tag=Cost Reduction,-,0,0,0,0,0,0,0,0,0,0,0,0,0,0,0,0,0,0,0,0,0,0,0,0,0,0,0,0,0,0,0,0,0,0,0
https://theprofitplatform.com.au/blog?tag=Directory Listings,-,0,0,0,0,0,0,0,0,0,0,0,0,0,0,0,0,0,0,0,0,0,0,0,0,0,0,0,0,0,0,0,0,0,0,0
https://theprofitplatform.com.au/blog?tag=Engagement,-,0,0,0,0,0,0,0,0,0,0,0,0,0,0,0,0,0,0,0,0,0,0,0,0,0,0,0,0,0,0,0,0,0,0,0
https://theprofitplatform.com.au/blog?tag=Free Resources,-,0,0,0,0,0,0,0,0,0,0,0,0,0,0,0,0,0,0,0,0,0,0,0,0,0,0,0,0,0,0,0,0,0,0,0
https://theprofitplatform.com.au/blog?tag=Free Tools,-,0,0,0,0,0,0,0,0,0,0,0,0,0,0,0,0,0,0,0,0,0,0,0,0,0,0,0,0,0,0,0,0,0,0,0
https://theprofitplatform.com.au/blog?tag=Funnels,-,0,0,0,0,0,0,0,0,0,0,0,0,0,0,0,0,0,0,0,0,0,0,0,0,0,0,0,0,0,0,0,0,0,0,0
https://theprofitplatform.com.au/blog?tag=GA4,-,0,0,0,0,0,0,0,0,0,0,0,0,0,0,0,0,0,0,0,0,0,0,0,0,0,0,0,0,0,0,0,0,0,0,0
https://theprofitplatform.com.au/blog?tag=Google Ads,-,0,0,0,0,0,0,0,0,0,0,0,0,0,0,0,0,0,0,0,0,0,0,0,0,0,0,0,0,0,0,0,0,0,0,0
https://theprofitplatform.com.au/blog?tag=Google Analytics,-,0,0,0,0,0,0,0,0,0,0,0,0,0,0,0,0,0,0,0,0,0,0,0,0,0,0,0,0,0,0,0,0,0,0,0
https://theprofitplatform.com.au/blog?tag=Google Business Profile,-,0,0,0,0,0,0,0,0,0,0,0,0,0,0,0,0,0,0,0,0,0,0,0,0,0,0,0,0,0,0,0,0,0,0,0
https://theprofitplatform.com.au/blog?tag=Google Ranking,-,0,0,0,0,0,0,0,0,0,0,0,0,0,0,0,0,0,0,0,0,0,0,0,0,0,0,0,0,0,0,0,0,0,0,0
https://theprofitplatform.com.au/blog?tag=Google Search Console,-,0,0,0,0,0,0,0,0,0,0,0,0,0,0,0,0,0,0,0,0,0,0,0,0,0,0,0,0,0,0,0,0,0,0,0
https://theprofitplatform.com.au/blog?tag=Growth Strategy,-,0,0,0,0,0,0,0,0,0,0,0,0,0,0,0,0,0,0,0,0,0,0,0,0,0,0,0,0,0,0,0,0,0,0,0
https://theprofitplatform.com.au/blog?tag=Lead Generation,-,0,0,0,0,0,0,0,0,0,0,0,0,0,0,0,0,0,0,0,0,0,0,0,0,0,0,0,0,0,0,0,0,0,0,0
https://theprofitplatform.com.au/blog?tag=Link Building,-,0,0,0,0,0,0,0,0,0,0,0,0,0,0,0,0,0,0,0,0,0,0,0,0,0,0,0,0,0,0,0,0,0,0,0
https://theprofitplatform.com.au/blog?tag=Local SEO,-,0,0,0,0,0,0,0,0,0,0,0,0,0,0,0,0,0,0,0,0,0,0,0,0,0,0,0,0,0,0,0,0,0,0,0
https://theprofitplatform.com.au/blog?tag=Local Search,-,0,0,0,0,0,0,0,0,0,0,0,0,0,0,0,0,0,0,0,0,0,0,0,0,0,0,0,0,0,0,0,0,0,0,0
https://theprofitplatform.com.au/blog?tag=Marketing,-,0,0,0,0,0,0,0,0,0,0,0,0,0,0,0,0,0,0,0,0,0,0,0,0,0,0,0,0,0,0,0,0,0,0,0
https://theprofitplatform.com.au/blog?tag=Marketing Budget,-,0,0,0,0,0,0,0,0,0,0,0,0,0,0,0,0,0,0,0,0,0,0,0,0,0,0,0,0,0,0,0,0,0,0,0
https://theprofitplatform.com.au/blog?tag=Marketing Tools,-,0,0,0,0,0,0,0,0,0,0,0,0,0,0,0,0,0,0,0,0,0,0,0,0,0,0,0,0,0,0,0,0,0,0,0
https://theprofitplatform.com.au/blog?tag=Mobile Design,-,0,0,0,0,0,0,0,0,0,0,0,0,0,0,0,0,0,0,0,0,0,0,0,0,0,0,0,0,0,0,0,0,0,0,0
https://theprofitplatform.com.au/blog?tag=Multi-Location,-,0,0,0,0,0,0,0,0,0,0,0,0,0,0,0,0,0,0,0,0,0,0,0,0,0,0,0,0,0,0,0,0,0,0,0
https://theprofitplatform.com.au/blog?tag=NAP,-,0,0,0,0,0,0,0,0,0,0,0,0,0,0,0,0,0,0,0,0,0,0,0,0,0,0,0,0,0,0,0,0,0,0,0
https://theprofitplatform.com.au/blog?tag=Optimization,-,0,0,0,0,0,0,0,0,0,0,0,0,0,0,0,0,0,0,0,0,0,0,0,0,0,0,0,0,0,0,0,0,0,0,0
https://theprofitplatform.com.au/blog?tag=PPC,-,0,0,0,0,0,0,0,0,0,0,0,0,0,0,0,0,0,0,0,0,0,0,0,0,0,0,0,0,0,0,0,0,0,0,0
https://theprofitplatform.com.au/blog?tag=PPC Optimization,-,0,0,0,0,0,0,0,0,0,0,0,0,0,0,0,0,0,0,0,0,0,0,0,0,0,0,0,0,0,0,0,0,0,0,0
https://theprofitplatform.com.au/blog?tag=Posts,-,0,0,0,0,0,0,0,0,0,0,0,0,0,0,0,0,0,0,0,0,0,0,0,0,0,0,0,0,0,0,0,0,0,0,0
https://theprofitplatform.com.au/blog?tag=Productivity,-,0,0,0,0,0,0,0,0,0,0,0,0,0,0,0,0,0,0,0,0,0,0,0,0,0,0,0,0,0,0,0,0,0,0,0
https://theprofitplatform.com.au/blog?tag=Professional Services,-,0,0,0,0,0,0,0,0,0,0,0,0,0,0,0,0,0,0,0,0,0,0,0,0,0,0,0,0,0,0,0,0,0,0,0
https://theprofitplatform.com.au/blog?tag=Quality Score,-,0,0,0,0,0,0,0,0,0,0,0,0,0,0,0,0,0,0,0,0,0,0,0,0,0,0,0,0,0,0,0,0,0,0,0
https://theprofitplatform.com.au/blog?tag=ROI,-,0,0,0,0,0,0,0,0,0,0,0,0,0,0,0,0,0,0,0,0,0,0,0,0,0,0,0,0,0,0,0,0,0,0,0
https://theprofitplatform.com.au/blog?tag=Rankings,-,0,0,0,0,0,0,0,0,0,0,0,0,0,0,0,0,0,0,0,0,0,0,0,0,0,0,0,0,0,0,0,0,0,0,0
https://theprofitplatform.com.au/blog?tag=Remarketing,-,0,0,0,0,0,0,0,0,0,0,0,0,0,0,0,0,0,0,0,0,0,0,0,0,0,0,0,0,0,0,0,0,0,0,0
https://theprofitplatform.com.au/blog?tag=Resources,-,0,0,0,0,0,0,0,0,0,0,0,0,0,0,0,0,0,0,0,0,0,0,0,0,0,0,0,0,0,0,0,0,0,0,0
https://theprofitplatform.com.au/blog?tag=Responsive Design,-,0,0,0,0,0,0,0,0,0,0,0,0,0,0,0,0,0,0,0,0,0,0,0,0,0,0,0,0,0,0,0,0,0,0,0
https://theprofitplatform.com.au/blog?tag=Retargeting,-,0,0,0,0,0,0,0,0,0,0,0,0,0,0,0,0,0,0,0,0,0,0,0,0,0,0,0,0,0,0,0,0,0,0,0
https://theprofitplatform.com.au/blog?tag=Rich Results,-,0,0,0,0,0,0,0,0,0,0,0,0,0,0,0,0,0,0,0,0,0,0,0,0,0,0,0,0,0,0,0,0,0,0,0
https://theprofitplatform.com.au/blog?tag=SEO,-,0,0,0,0,0,0,0,0,0,0,0,0,0,0,0,0,0,0,0,0,0,0,0,0,0,0,0,0,0,0,0,0,0,0,0
https://theprofitplatform.com.au/blog?tag=SEO Tools,-,0,0,0,0,0,0,0,0,0,0,0,0,0,0,0,0,0,0,0,0,0,0,0,0,0,0,0,0,0,0,0,0,0,0,0
https://theprofitplatform.com.au/blog?tag=Schema Markup,-,0,0,0,0,0,0,0,0,0,0,0,0,0,0,0,0,0,0,0,0,0,0,0,0,0,0,0,0,0,0,0,0,0,0,0
https://theprofitplatform.com.au/blog?tag=Service Business,-,0,0,0,0,0,0,0,0,0,0,0,0,0,0,0,0,0,0,0,0,0,0,0,0,0,0,0,0,0,0,0,0,0,0,0
https://theprofitplatform.com.au/blog?tag=Setup,-,0,0,0,0,0,0,0,0,0,0,0,0,0,0,0,0,0,0,0,0,0,0,0,0,0,0,0,0,0,0,0,0,0,0,0
https://theprofitplatform.com.au/blog?tag=Small Business,-,0,0,0,0,0,0,0,0,0,0,0,0,0,0,0,0,0,0,0,0,0,0,0,0,0,0,0,0,0,0,0,0,0,0,0
https://theprofitplatform.com.au/blog?tag=Structured Data,-,0,0,0,0,0,0,0,0,0,0,0,0,0,0,0,0,0,0,0,0,0,0,0,0,0,0,0,0,0,0,0,0,0,0,0
https://theprofitplatform.com.au/blog?tag=Sydney,-,0,0,0,0,0,0,0,0,0,0,0,0,0,0,0,0,0,0,0,0,0,0,0,0,0,0,0,0,0,0,0,0,0,0,0
https://theprofitplatform.com.au/blog?tag=Sydney Business,-,0,0,0,0,0,0,0,0,0,0,0,0,0,0,0,0,0,0,0,0,0,0,0,0,0,0,0,0,0,0,0,0,0,0,0
https://theprofitplatform.com.au/blog?tag=Tracking,-,0,0,0,0,0,0,0,0,0,0,0,0,0,0,0,0,0,0,0,0,0,0,0,0,0,0,0,0,0,0,0,0,0,0,0
https://theprofitplatform.com.au/blog?tag=User Experience,-,0,0,0,0,0,0,0,0,0,0,0,0,0,0,0,0,0,0,0,0,0,0,0,0,0,0,0,0,0,0,0,0,0,0,0
https://theprofitplatform.com.au/blog?tag=WordPress,-,0,0,0,0,0,0,0,0,0,0,0,0,0,0,0,0,0,0,0,0,0,0,0,0,0,0,0,0,0,0,0,0,0,0,0
https://theprofitplatform.com.au/blog?tag=eCommerce,-,0,0,0,0,0,0,0,0,0,0,0,0,0,0,0,0,0,0,0,0,0,0,0,0,0,0,0,0,0,0,0,0,0,0,0
https://theprofitplatform.com.au/cdn-cgi/l/email-protection,-,0,0,0,0,0,0,0,0,0,0,0,0,0,0,0,0,0,0,0,0,0,0,0,0,0,0,0,0,0,0,0,0,0,0,0
https://theprofitplatform.com.au/contact,-,0,0,0,0,0,0,0,0,0,0,0,0,0,0,0,0,0,0,0,0,0,0,0,0,0,0,0,0,0,0,0,0,0,0,0
https://theprofitplatform.com.au/contact/,99,1,0,1,0,0,0,0,0,0,0,0,0,0,0,0,1,0,0,0,0,1,0,0,0,2,0,0,0,0,1,0,1,0,0,0
https://theprofitplatform.com.au/contact/?service=google-ads,71,1,0,1,0,0,0,0,0,0,0,0,0,0,0,0,1,0,0,0,0,1,0,0,0,2,0,0,0,0,1,0,1,0,0,0
https://theprofitplatform.com.au/contact/?service=seo,71,1,0,1,0,0,0,0,0,0,0,0,0,0,0,0,1,0,0,0,0,1,0,0,0,2,0,0,0,0,1,0,1,0,0,0
https://theprofitplatform.com.au/contact/?service=web-design,71,1,0,1,0,0,0,0,0,0,0,0,0,0,0,0,1,0,0,0,0,1,0,0,0,2,0,0,0,0,1,0,1,0,0,0
https://theprofitplatform.com.au/contact?service=google-ads,-,0,0,0,0,0,0,0,0,0,0,0,0,0,0,0,0,0,0,0,0,0,0,0,0,0,0,0,0,0,0,0,0,0,0,0
https://theprofitplatform.com.au/contact?service=seo,-,0,0,0,0,0,0,0,0,0,0,0,0,0,0,0,0,0,0,0,0,0,0,0,0,0,0,0,0,0,0,0,0,0,0,0
https://theprofitplatform.com.au/contact?service=web-design,-,0,0,0,0,0,0,0,0,0,0,0,0,0,0,0,0,0,0,0,0,0,0,0,0,0,0,0,0,0,0,0,0,0,0,0
https://theprofitplatform.com.au/google-ads,-,0,0,0,0,0,0,0,0,0,0,0,0,0,0,0,0,0,0,0,0,0,0,0,0,0,0,0,0,0,0,0,0,0,0,0
https://theprofitplatform.com.au/google-ads/,97,1,0,1,0,0,0,0,0,0,0,0,0,0,0,0,1,0,0,0,0,1,0,0,0,2,0,0,0,0,1,0,1,0,0,0
https://theprofitplatform.com.au/google-ads/contact.html?plan=enterprise,23,1,0,1,0,0,0,0,1,0,1,0,0,0,0,0,1,0,0,1,0,1,0,0,0,5,0,0,0,0,1,0,1,0,0,0
https://theprofitplatform.com.au/google-ads/contact.html?plan=growth,23,1,0,1,0,0,0,0,1,0,1,0,0,0,0,0,1,0,0,1,0,1,0,0,0,5,0,0,0,0,1,0,1,0,0,0
https://theprofitplatform.com.au/google-ads/contact.html?plan=starter,23,1,0,1,0,0,0,0,1,0,1,0,0,0,0,0,1,0,0,1,0,1,0,0,0,5,0,0,0,0,1,0,1,0,0,0
https://theprofitplatform.com.au/llms.txt,-,0,0,0,0,0,0,0,0,0,0,0,0,0,0,0,0,0,0,0,0,0,0,0,0,0,0,0,0,0,0,0,0,0,0,0
https://theprofitplatform.com.au/local-seo-checklist,95,1,0,1,0,0,0,0,1,0,1,0,0,0,0,0,1,0,0,1,0,1,0,0,0,5,0,0,0,0,1,0,1,0,0,0
https://theprofitplatform.com.au/portfolio,-,0,0,0,0,0,0,0,0,0,0,0,0,0,0,0,0,0,0,0,0,0,0,0,0,0,0,0,0,0,0,0,0,0,0,0
https://theprofitplatform.com.au/portfolio/,97,1,0,1,0,0,0,0,0,0,0,0,0,0,0,0,1,0,0,0,0,1,0,0,0,2,0,0,0,0,1,0,1,0,0,0
https://theprofitplatform.com.au/pricing,-,0,0,0,0,0,0,0,0,0,0,0,0,0,0,0,0,0,0,0,0,0,0,0,0,0,0,0,0,0,0,0,0,0,0,0
https://theprofitplatform.com.au/pricing/,96,1,0,1,0,0,0,0,0,0,0,0,0,0,0,0,1,0,0,0,0,1,0,0,0,2,0,0,0,0,1,0,1,0,0,0
https://theprofitplatform.com.au/privacy,-,0,0,0,0,0,0,0,0,0,0,0,0,0,0,0,0,0,0,0,0,0,0,0,0,0,0,0,0,0,0,0,0,0,0,0
https://theprofitplatform.com.au/privacy-policy,95,1,0,1,0,0,0,0,1,0,1,0,0,0,0,0,1,0,0,1,0,1,0,0,0,5,0,0,0,0,1,0,1,0,0,0
https://theprofitplatform.com.au/privacy/,73,1,0,1,0,0,0,0,0,0,0,0,0,0,0,0,1,0,0,0,0,1,0,0,0,2,0,0,0,0,1,0,1,0,0,0
https://theprofitplatform.com.au/robots.txt,-,0,0,0,0,0,0,0,0,0,0,0,0,0,0,0,0,0,0,0,0,0,0,0,0,0,0,0,0,0,0,0,0,0,0,0
https://theprofitplatform.com.au/seo,-,0,0,0,0,0,0,0,0,0,0,0,0,0,0,0,0,0,0,0,0,0,0,0,0,0,0,0,0,0,0,0,0,0,0,0
https://theprofitplatform.com.au/seo-checklist,-,0,0,0,0,0,0,0,0,0,0,0,0,0,0,0,0,0,0,0,0,0,0,0,0,0,0,0,0,0,0,0,0,0,0,0
https://theprofitplatform.com.au/seo-checklist/,67,1,0,1,0,0,0,0,0,0,0,0,0,0,0,0,1,0,0,0,0,1,0,0,0,2,0,0,0,0,1,0,1,0,0,0
https://theprofitplatform.com.au/seo/,97,1,0,1,0,0,0,0,0,0,0,0,0,0,0,0,1,0,0,0,0,1,0,0,0,2,0,0,0,0,1,0,1,0,0,0
https://theprofitplatform.com.au/services,-,0,0,0,0,0,0,0,0,0,0,0,0,0,0,0,0,0,0,0,0,0,0,0,0,0,0,0,0,0,0,0,0,0,0,0
https://theprofitplatform.com.au/services/,97,1,0,1,0,0,0,0,1,0,0,0,0,0,0,0,1,0,0,0,0,2,0,0,0,2,0,0,0,0,1,0,1,0,0,0
https://theprofitplatform.com.au/sitemap,95,1,0,1,0,0,0,0,1,0,1,0,0,0,0,0,1,0,0,1,0,1,0,0,0,5,0,0,0,0,1,0,1,0,0,0
https://theprofitplatform.com.au/sitemap-0.xml,-,0,0,0,0,0,0,0,0,0,0,0,0,0,0,0,0,0,0,0,0,0,0,0,0,0,0,0,0,0,0,0,0,0,0,0
https://theprofitplatform.com.au/sitemap-index.xml,-,0,0,0,0,0,0,0,0,0,0,0,0,0,0,0,0,0,0,0,0,0,0,0,0,0,0,0,0,0,0,0,0,0,0,0
https://theprofitplatform.com.au/sitemap.xml,-,0,0,0,0,0,0,0,0,0,0,0,0,0,0,0,0,0,0,0,0,0,0,0,0,0,0,0,0,0,0,0,0,0,0,0
https://theprofitplatform.com.au/social-media,1,1,0,1,0,0,0,0,1,0,1,0,0,0,0,0,1,0,0,1,0,1,0,0,0,5,0,0,0,0,1,0,1,0,0,0
https://theprofitplatform.com.au/terms-of-service,95,1,0,1,0,0,0,0,1,0,1,0,0,0,0,0,1,0,0,1,0,1,0,0,0,5,0,0,0,0,1,0,1,0,0,0
https://theprofitplatform.com.au/tools,-,0,0,0,0,0,0,0,0,0,0,0,0,0,0,0,0,0,0,0,0,0,0,0,0,0,0,0,0,0,0,0,0,0,0,0
https://theprofitplatform.com.au/tools/,97,1,0,1,0,0,0,0,0,0,0,0,0,0,0,0,1,0,0,0,0,1,0,0,0,2,0,0,0,0,1,0,1,0,0,0
https://theprofitplatform.com.au/tools/competitor-analysis,-,0,0,0,0,0,0,0,0,0,0,0,0,0,0,0,0,0,0,0,0,0,0,0,0,0,0,0,0,0,0,0,0,0,0,0
https://theprofitplatform.com.au/tools/competitor-analysis/,96,1,1,1,0,0,0,0,1,0,0,0,0,0,0,0,1,0,0,0,0,1,0,0,0,2,0,0,0,0,1,0,1,0,0,0
https://theprofitplatform.com.au/tools/competitor-analysis/methodology,-,0,0,0,0,0,0,0,0,0,0,0,0,0,0,0,0,0,0,0,0,0,0,0,0,0,0,0,0,0,0,0,0,0,0,0
https://theprofitplatform.com.au/tools/competitor-analysis/methodology/,72,1,1,1,0,0,0,0,1,0,0,0,0,0,0,0,1,0,0,0,0,1,0,0,0,2,0,0,0,0,1,0,1,0,0,0
https://theprofitplatform.com.au/tools/content-generator,-,0,0,0,0,0,0,0,0,0,0,0,0,0,0,0,0,0,0,0,0,0,0,0,0,0,0,0,0,0,0,0,0,0,0,0
https://theprofitplatform.com.au/tools/content-generator/,96,1,1,1,0,0,0,0,1,0,0,0,0,0,0,0,1,0,0,0,0,1,0,0,0,3,0,0,0,0,2,0,1,2,0,0
https://theprofitplatform.com.au/tools/keyword-gap,-,0,0,0,0,0,0,0,0,0,0,0,0,0,0,0,0,0,0,0,0,0,0,0,0,0,0,0,0,0,0,0,0,0,0,0
https://theprofitplatform.com.au/tools/keyword-gap/,96,1,0,1,0,0,0,0,0,0,0,0,0,0,0,0,1,0,0,0,0,1,0,0,0,2,0,0,0,0,1,0,1,0,0,0
https://theprofitplatform.com.au/tools/keyword-research,-,0,0,0,0,0,0,0,0,0,0,0,0,0,0,0,0,0,0,0,0,0,0,0,0,0,0,0,0,0,0,0,0,0,0,0
https://theprofitplatform.com.au/tools/keyword-research/,96,1,0,1,0,0,0,0,0,0,0,0,0,0,0,0,1,0,0,0,0,1,0,0,0,2,0,0,0,0,1,0,1,0,0,0
https://theprofitplatform.com.au/tools/meta-tag-generator,-,0,0,0,0,0,0,0,0,0,0,0,0,0,0,0,0,0,0,0,0,0,0,0,0,0,0,0,0,0,0,0,0,0,0,0
https://theprofitplatform.com.au/tools/meta-tag-generator/,96,1,0,1,0,0,0,0,0,0,0,0,0,0,0,0,1,0,0,0,0,1,0,0,0,2,0,0,0,0,1,0,1,0,0,0
https://theprofitplatform.com.au/tools/rank-tracker,-,0,0,0,0,0,0,0,0,0,0,0,0,0,0,0,0,0,0,0,0,0,0,0,0,0,0,0,0,0,0,0,0,0,0,0
https://theprofitplatform.com.au/tools/rank-tracker/,96,1,0,1,0,0,0,0,0,0,0,0,0,0,0,0,1,0,0,0,0,1,0,0,0,2,0,0,0,0,1,0,1,0,0,0
https://theprofitplatform.com.au/tools/seo-audit,-,0,0,0,0,0,0,0,0,0,0,0,0,0,0,0,0,0,0,0,0,0,0,0,0,0,0,0,0,0,0,0,0,0,0,0
https://theprofitplatform.com.au/tools/seo-audit/,96,1,0,1,0,0,0,0,0,0,0,0,0,0,0,0,1,0,0,0,0,1,0,0,0,2,0,0,0,0,1,0,1,0,0,0
https://theprofitplatform.com.au/tools/seo-opportunity,-,0,0,0,0,0,0,0,0,0,0,0,0,0,0,0,0,0,0,0,0,0,0,0,0,0,0,0,0,0,0,0,0,0,0,0
https://theprofitplatform.com.au/tools/seo-opportunity/,96,1,1,1,0,0,0,0,1,0,0,0,0,0,0,0,1,0,0,0,0,1,0,0,0,2,0,0,0,0,1,0,1,0,0,0
https://theprofitplatform.com.au/tools/speed-test,-,0,0,0,0,0,0,0,0,0,0,0,0,0,0,0,0,0,0,0,0,0,0,0,0,0,0,0,0,0,0,0,0,0,0,0
https://theprofitplatform.com.au/tools/speed-test/,96,1,0,1,0,0,0,0,0,0,0,0,0,0,0,0,1,0,0,0,0,1,0,0,0,2,0,0,0,0,1,0,1,0,0,0
https://theprofitplatform.com.au/web-design,-,0,0,0,0,0,0,0,0,0,0,0,0,0,0,0,0,0,0,0,0,0,0,0,0,0,0,0,0,0,0,0,0,0,0,0
https://theprofitplatform.com.au/web-design/,97,1,0,1,0,0,0,0,0,0,0,0,0,0,0,0,1,0,0,0,0,1,0,0,0,2,0,0,0,0,1,0,1,0,0,0
https://theprofitplatform.com.au/webinars,95,1,0,1,0,0,0,0,1,0,1,0,0,0,0,0,1,0,0,1,0,1,0,0,0,5,0,0,0,0,1,0,1,0,0,0
https://www.theprofitplatform.com.au/,-,0,0,0,0,0,0,0,0,0,0,0,0,0,0,0,0,0,0,0,0,0,0,0,0,0,0,0,0,0,0,0,0,0,0,0
