Page URL,Title,Discovered
https://theprofitplatform.com.au,"Digital Marketing Sydney | SEO, Google Ads & Web Design | The Profit Platform",05 Oct 2025 (03:42 UTC)
https://theprofitplatform.com.au/,"Digital Marketing Sydney | SEO, Google Ads & Web Design | The Profit Platform",05 Oct 2025 (03:42 UTC)
https://theprofitplatform.com.au/[SEO](/blog/website-speed-optimization-how-sydney-businesses-can-improve-core-web-vitals/),"Digital Marketing Sydney | SEO, Google Ads & Web Design | The Profit Platform",08 Oct 2025 (02:27 UTC)
https://theprofitplatform.com.au/blog/15-free-seo-tools-every-sydney-small-business-should-use-in-2025/,15 Free SEO Tools Every Sydney Small Business Should Use in 2025 | The Profit Platform,11 Oct 2025 (00:11 UTC)
https://theprofitplatform.com.au/blog/2025-10-04-7-google-ads-mistakes-costing-[Sydney](/blog/2025-10-04-7-google-ads-mistakes-costing-sydney-businesses-thousands-every-month-TEST/)-businesses-thousands-every-month-TEST/,"Digital Marketing Sydney | SEO, Google Ads & Web Design | The Profit Platform",08 Oct 2025 (02:27 UTC)
https://theprofitplatform.com.au/blog/2025-10-04-7-google-ads-mistakes-costing-sydney-businesses-thousands-every-month-TEST/,"Digital Marketing Sydney | SEO, Google Ads & Web Design | The Profit Platform",08 Oct 2025 (02:27 UTC)
https://theprofitplatform.com.au/blog/2025-10-04-how-to-optimise-your-google-business-profile-for-[Sydney](/blog/2025-10-04-how-to-optimise-your-google-business-profile-for-sydney-local-search-in-2025/)-local-search-in-2025/,"Digital Marketing Sydney | SEO, Google Ads & Web Design | The Profit Platform",08 Oct 2025 (02:27 UTC)
https://theprofitplatform.com.au/blog/2025-10-04-how-to-optimise-your-google-business-profile-for-sydney-local-search-in-2025/,"Digital Marketing Sydney | SEO, Google Ads & Web Design | The Profit Platform",08 Oct 2025 (02:27 UTC)
https://theprofitplatform.com.au/blog/2025-10-05-local-seo-checklist-47-steps-to-dominate-sydney-suburb-search-results/,"Digital Marketing Sydney | SEO, Google Ads & Web Design | The Profit Platform",08 Oct 2025 (02:27 UTC)
https://theprofitplatform.com.au/blog/7-google-ads-mistakes-costing-sydney-businesses-thousands-every-month/,7 Google Ads Mistakes Costing Sydney Businesses Thousands Every Month | The Profit Platform,08 Oct 2025 (02:27 UTC)
https://theprofitplatform.com.au/blog/complete-guide-to-multi-location-seo-for-sydney-business-owners,"Digital Marketing Sydney | SEO, Google Ads & Web Design | The Profit Platform",08 Oct 2025 (02:27 UTC)
https://theprofitplatform.com.au/blog/complete-guide-to-multi-location-seo-for-sydney-business-owners/,"Digital Marketing Sydney | SEO, Google Ads & Web Design | The Profit Platform",11 Oct 2025 (00:11 UTC)
https://theprofitplatform.com.au/blog/content-marketing-strategy-for-sydney-b2b-companies-in-2025/,Content Marketing Strategy for Sydney B2B Companies in 2025 | The Profit Platform,11 Oct 2025 (00:11 UTC)
https://theprofitplatform.com.au/blog/conversion-rate-optimization-9-quick-wins-for-sydney-service-businesses/,Conversion Rate Optimization: 9 Quick Wins for Sydney Service Businesses | The Profit Platform,08 Oct 2025 (02:27 UTC)
https://theprofitplatform.com.au/blog/google-ads-bidding-strategies-which-one-is-right-for-your-sydney-business/,Google Ads Bidding Strategies: Which One is Right for Your Sydney Business? | The Profit Platform,08 Oct 2025 (02:27 UTC)
https://theprofitplatform.com.au/blog/google-ads-extensions-complete-guide-to-maximising-click-through-rates/,Google Ads Extensions: Complete Guide to Maximising Click-Through Rates | The Profit Platform,08 Oct 2025 (02:27 UTC)
https://theprofitplatform.com.au/blog/google-ads-extensions-complete-guide-to-maximising-click-through-rates/(/blog/7-google-ads-mistakes-costing-sydney-businesses-thousands-every-month/),"Digital Marketing Sydney | SEO, Google Ads & Web Design | The Profit Platform",08 Oct 2025 (02:27 UTC)
https://theprofitplatform.com.au/blog/google-ads-for-service-businesses-campaign-structure-that-converts/,"Digital Marketing Sydney | SEO, Google Ads & Web Design | The Profit Platform",08 Oct 2025 (02:27 UTC)
https://theprofitplatform.com.au/blog/google-ads-guide,"Digital Marketing Sydney | SEO, Google Ads & Web Design | The Profit Platform",05 Oct 2025 (03:42 UTC)
https://theprofitplatform.com.au/blog/google-ads-quality-score-how-to-improve-it-and-lower-your-costs/,Google Ads Quality Score: How to Improve It and Lower Your Costs | The Profit Platform,08 Oct 2025 (02:27 UTC)
https://theprofitplatform.com.au/blog/google-ads-vs-seo-which-should-sydney-small-businesses-invest-in-first/,"Digital Marketing Sydney | SEO, Google Ads & Web Design | The Profit Platform",08 Oct 2025 (02:27 UTC)
https://theprofitplatform.com.au/blog/google-analytics-4-complete-setup-guide-for-sydney-business-owners/,Google Analytics 4: Complete Setup Guide for Sydney Business Owners | The Profit Platform,08 Oct 2025 (02:27 UTC)
https://theprofitplatform.com.au/blog/google-my-business-posts-how-to-use-them-to-increase-local-visibility/,Google My Business Posts: How to Use Them to Increase Local Visibility | The Profit Platform,08 Oct 2025 (02:27 UTC)
https://theprofitplatform.com.au/blog/google-search-console-the-complete-guide-for-sydney-business-owners/,Google Search Console: The Complete Guide for Sydney Business Owners | The Profit Platform,08 Oct 2025 (02:27 UTC)
https://theprofitplatform.com.au/blog/how-to-optimise-your-google-business-profile-for-sydney-local-search-in-2025/,How to Optimise Your Google Business Profile for Sydney Local Search in 2025 | The Profit Platform,08 Oct 2025 (02:27 UTC)
https://theprofitplatform.com.au/blog/how-to-reduce-google-ads-cost-per-click-without-sacrificing-quality/,"Digital Marketing Sydney | SEO, Google Ads & Web Design | The Profit Platform",08 Oct 2025 (02:27 UTC)
https://theprofitplatform.com.au/blog/how-to-track-google-ads-roi-a-sydney-business-owner-s-guide/,How to Track Google Ads ROI: A Sydney Business Owner's Guide | The Profit Platform,08 Oct 2025 (02:27 UTC)
https://theprofitplatform.com.au/blog/how-to-write-google-ads-copy-that-converts-for-sydney-service-businesses/,"Digital Marketing Sydney | SEO, Google Ads & Web Design | The Profit Platform",08 Oct 2025 (02:27 UTC)
https://theprofitplatform.com.au/blog/keyword-research-for-local-sydney-businesses-the-complete-framework/,"Digital Marketing Sydney | SEO, Google Ads & Web Design | The Profit Platform",11 Oct 2025 (00:11 UTC)
https://theprofitplatform.com.au/blog/lead-generation-funnels-for-sydney-professional-services-firms/,Lead Generation Funnels for Sydney Professional Services Firms | The Profit Platform,08 Oct 2025 (02:27 UTC)
https://theprofitplatform.com.au/blog/link-building-strategies-that-actually-work-for-sydney-businesses/,Link Building Strategies That Actually Work for Sydney Businesses | The Profit Platform,08 Oct 2025 (02:27 UTC)
https://theprofitplatform.com.au/blog/local-citations-building-authority-for-sydney-multi-location-businesses/,Local Citations: Building Authority for Sydney Multi-Location Businesses | The Profit Platform,08 Oct 2025 (02:27 UTC)
https://theprofitplatform.com.au/blog/local-seo-checklist-47-steps-to-dominate-sydney-suburb-search-results/,Local SEO Checklist: 47 Steps to Dominate Sydney Suburb Search Results | The Profit Platform,08 Oct 2025 (02:27 UTC)
https://theprofitplatform.com.au/blog/mobile-first-web-design-why-sydney-businesses-can-t-ignore-it-in-2025/,Mobile-First Web Design: Why Sydney Businesses Can't Ignore It in 2025 | The Profit Platform,08 Oct 2025 (02:27 UTC)
https://theprofitplatform.com.au/blog/negative-keywords-how-to-stop-wasting-money-on-google-ads,"Digital Marketing Sydney | SEO, Google Ads & Web Design | The Profit Platform",08 Oct 2025 (02:27 UTC)
https://theprofitplatform.com.au/blog/negative-keywords-how-to-stop-wasting-money-on-google-ads/,"Digital Marketing Sydney | SEO, Google Ads & Web Design | The Profit Platform",08 Oct 2025 (02:27 UTC)
https://theprofitplatform.com.au/blog/parramatta-plumber-case-study/,Case Study: How We Got a Parramatta Plumber 2.6x More Calls in 30 Days | The Profit Platform,08 Oct 2025 (02:27 UTC)
https://theprofitplatform.com.au/blog/parramatta-plumber-case-study/?utm_source=theprofitplatform&utm_medium=referral,Case Study: How We Got a Parramatta Plumber 2.6x More Calls in 30 Days | The Profit Platform,08 Oct 2025 (02:27 UTC)
https://theprofitplatform.com.au/blog/remarketing-campaigns-that-actually-convert-for-sydney-ecommerce/,Remarketing Campaigns That Actually Convert for Sydney eCommerce | The Profit Platform,11 Oct 2025 (00:11 UTC)
https://theprofitplatform.com.au/blog/schema-markup-for-local-sydney-businesses-implementation-guide/,Schema Markup for Local Sydney Businesses: Implementation Guide | The Profit Platform,08 Oct 2025 (02:27 UTC)
https://theprofitplatform.com.au/blog/seo-guide,"Digital Marketing Sydney | SEO, Google Ads & Web Design | The Profit Platform",05 Oct 2025 (03:42 UTC)
https://theprofitplatform.com.au/blog/website-speed-optimization-how-sydney-businesses-can-improve-core-web-vitals/,"Digital Marketing Sydney | SEO, Google Ads & Web Design | The Profit Platform",08 Oct 2025 (02:27 UTC)
https://theprofitplatform.com.au/blog/wordpress-seo-complete-optimization-guide-for-sydney-websites/,WordPress SEO: Complete Optimization Guide for Sydney Websites | The Profit Platform,08 Oct 2025 (02:27 UTC)
https://theprofitplatform.com.au/google-ads/contact.html?plan=enterprise,"Digital Marketing Sydney | SEO, Google Ads & Web Design | The Profit Platform",05 Oct 2025 (03:42 UTC)
https://theprofitplatform.com.au/google-ads/contact.html?plan=growth,"Digital Marketing Sydney | SEO, Google Ads & Web Design | The Profit Platform",05 Oct 2025 (03:42 UTC)
https://theprofitplatform.com.au/google-ads/contact.html?plan=starter,"Digital Marketing Sydney | SEO, Google Ads & Web Design | The Profit Platform",05 Oct 2025 (03:42 UTC)
https://theprofitplatform.com.au/local-seo-checklist,"Digital Marketing Sydney | SEO, Google Ads & Web Design | The Profit Platform",05 Oct 2025 (03:42 UTC)
https://theprofitplatform.com.au/privacy-policy,"Digital Marketing Sydney | SEO, Google Ads & Web Design | The Profit Platform",05 Oct 2025 (03:42 UTC)
https://theprofitplatform.com.au/sitemap,"Digital Marketing Sydney | SEO, Google Ads & Web Design | The Profit Platform",05 Oct 2025 (03:42 UTC)
https://theprofitplatform.com.au/social-media,"Digital Marketing Sydney | SEO, Google Ads & Web Design | The Profit Platform",05 Oct 2025 (03:42 UTC)
https://theprofitplatform.com.au/terms-of-service,"Digital Marketing Sydney | SEO, Google Ads & Web Design | The Profit Platform",05 Oct 2025 (03:42 UTC)
https://theprofitplatform.com.au/webinars,"Digital Marketing Sydney | SEO, Google Ads & Web Design | The Profit Platform",05 Oct 2025 (03:42 UTC)
